1位	A型	てんびん座	辰年	ばからしい脳	<img src='imgs/ketsuekigata/small/a.png'>	<img src='imgs/seiza/small/tenbin.png'>	<img src='imgs/eto/small/tatsu.png'>
2位	B型	おうし座	辰年	押し付けがましい叔父	<img src='imgs/ketsuekigata/small/b.png'>	<img src='imgs/seiza/small/oushi.png'>	<img src='imgs/eto/small/tatsu.png'>
3位	AB型	しし座	亥年	かっこいい式	<img src='imgs/ketsuekigata/small/ab.png'>	<img src='imgs/seiza/small/shishi.png'>	<img src='imgs/eto/small/i.png'>
4位	O型	いて座	巳年	高い隅	<img src='imgs/ketsuekigata/small/o.png'>	<img src='imgs/seiza/small/ite.png'>	<img src='imgs/eto/small/mi.png'>
5位	O型	おひつじ座	亥年	儚いスイッチ	<img src='imgs/ketsuekigata/small/o.png'>	<img src='imgs/seiza/small/ohitsuji.png'>	<img src='imgs/eto/small/i.png'>
6位	A型	しし座	未年	堅苦しいハンコ	<img src='imgs/ketsuekigata/small/a.png'>	<img src='imgs/seiza/small/shishi.png'>	<img src='imgs/eto/small/hitsuji.png'>
7位	B型	やぎ座	辰年	後ろめたい毎年	<img src='imgs/ketsuekigata/small/b.png'>	<img src='imgs/seiza/small/yagi.png'>	<img src='imgs/eto/small/tatsu.png'>
8位	AB型	かに座	巳年	平たいホルモン	<img src='imgs/ketsuekigata/small/ab.png'>	<img src='imgs/seiza/small/kani.png'>	<img src='imgs/eto/small/mi.png'>
9位	O型	しし座	辰年	回りくどい論文	<img src='imgs/ketsuekigata/small/o.png'>	<img src='imgs/seiza/small/shishi.png'>	<img src='imgs/eto/small/tatsu.png'>
10位	AB型	しし座	丑年	貧しい給料	<img src='imgs/ketsuekigata/small/ab.png'>	<img src='imgs/seiza/small/shishi.png'>	<img src='imgs/eto/small/ushi.png'>
11位	B型	おうし座	戌年	醜い金額	<img src='imgs/ketsuekigata/small/b.png'>	<img src='imgs/seiza/small/oushi.png'>	<img src='imgs/eto/small/inu.png'>
12位	O型	しし座	酉年	恋しいお子さん	<img src='imgs/ketsuekigata/small/o.png'>	<img src='imgs/seiza/small/shishi.png'>	<img src='imgs/eto/small/tori.png'>
13位	A型	うお座	卯年	渋い心	<img src='imgs/ketsuekigata/small/a.png'>	<img src='imgs/seiza/small/uo.png'>	<img src='imgs/eto/small/u.png'>
14位	A型	うお座	巳年	甘い便	<img src='imgs/ketsuekigata/small/a.png'>	<img src='imgs/seiza/small/uo.png'>	<img src='imgs/eto/small/mi.png'>
15位	O型	ふたご座	丑年	煩わしい水曜日	<img src='imgs/ketsuekigata/small/o.png'>	<img src='imgs/seiza/small/futago.png'>	<img src='imgs/eto/small/ushi.png'>
16位	AB型	みずがめ座	巳年	くどい車	<img src='imgs/ketsuekigata/small/ab.png'>	<img src='imgs/seiza/small/mizugame.png'>	<img src='imgs/eto/small/mi.png'>
17位	O型	いて座	寅年	気難しい餌	<img src='imgs/ketsuekigata/small/o.png'>	<img src='imgs/seiza/small/ite.png'>	<img src='imgs/eto/small/tora.png'>
18位	O型	かに座	寅年	強い床屋	<img src='imgs/ketsuekigata/small/o.png'>	<img src='imgs/seiza/small/kani.png'>	<img src='imgs/eto/small/tora.png'>
19位	O型	やぎ座	子年	緩い瓶	<img src='imgs/ketsuekigata/small/o.png'>	<img src='imgs/seiza/small/yagi.png'>	<img src='imgs/eto/small/ne.png'>
20位	AB型	ふたご座	午年	堅苦しい問題	<img src='imgs/ketsuekigata/small/ab.png'>	<img src='imgs/seiza/small/futago.png'>	<img src='imgs/eto/small/uma.png'>
21位	A型	かに座	寅年	かっこ悪いCD	<img src='imgs/ketsuekigata/small/a.png'>	<img src='imgs/seiza/small/kani.png'>	<img src='imgs/eto/small/tora.png'>
22位	B型	さそり座	丑年	きめ細かい友達	<img src='imgs/ketsuekigata/small/b.png'>	<img src='imgs/seiza/small/sasori.png'>	<img src='imgs/eto/small/ushi.png'>
23位	A型	いて座	酉年	腹立たしい牛乳	<img src='imgs/ketsuekigata/small/a.png'>	<img src='imgs/seiza/small/ite.png'>	<img src='imgs/eto/small/tori.png'>
24位	B型	かに座	申年	懐かしい餌	<img src='imgs/ketsuekigata/small/b.png'>	<img src='imgs/seiza/small/kani.png'>	<img src='imgs/eto/small/saru.png'>
25位	AB型	おひつじ座	寅年	暑い今日	<img src='imgs/ketsuekigata/small/ab.png'>	<img src='imgs/seiza/small/ohitsuji.png'>	<img src='imgs/eto/small/tora.png'>
26位	A型	さそり座	未年	逞しい掃除機	<img src='imgs/ketsuekigata/small/a.png'>	<img src='imgs/seiza/small/sasori.png'>	<img src='imgs/eto/small/hitsuji.png'>
27位	AB型	やぎ座	巳年	だるいデート	<img src='imgs/ketsuekigata/small/ab.png'>	<img src='imgs/seiza/small/yagi.png'>	<img src='imgs/eto/small/mi.png'>
28位	O型	ふたご座	午年	ものすごい縁起	<img src='imgs/ketsuekigata/small/o.png'>	<img src='imgs/seiza/small/futago.png'>	<img src='imgs/eto/small/uma.png'>
29位	A型	みずがめ座	辰年	速い彼女	<img src='imgs/ketsuekigata/small/a.png'>	<img src='imgs/seiza/small/mizugame.png'>	<img src='imgs/eto/small/tatsu.png'>
30位	O型	おうし座	申年	勇ましい皿	<img src='imgs/ketsuekigata/small/o.png'>	<img src='imgs/seiza/small/oushi.png'>	<img src='imgs/eto/small/saru.png'>
31位	O型	みずがめ座	卯年	騒々しい普通	<img src='imgs/ketsuekigata/small/o.png'>	<img src='imgs/seiza/small/mizugame.png'>	<img src='imgs/eto/small/u.png'>
32位	A型	ふたご座	申年	ひどい道	<img src='imgs/ketsuekigata/small/a.png'>	<img src='imgs/seiza/small/futago.png'>	<img src='imgs/eto/small/saru.png'>
33位	B型	みずがめ座	辰年	たやすい目覚まし時計	<img src='imgs/ketsuekigata/small/b.png'>	<img src='imgs/seiza/small/mizugame.png'>	<img src='imgs/eto/small/tatsu.png'>
34位	AB型	さそり座	申年	ずるい煙	<img src='imgs/ketsuekigata/small/ab.png'>	<img src='imgs/seiza/small/sasori.png'>	<img src='imgs/eto/small/saru.png'>
35位	A型	おひつじ座	辰年	酸っぱい塩	<img src='imgs/ketsuekigata/small/a.png'>	<img src='imgs/seiza/small/ohitsuji.png'>	<img src='imgs/eto/small/tatsu.png'>
36位	O型	さそり座	申年	醜い牛乳	<img src='imgs/ketsuekigata/small/o.png'>	<img src='imgs/seiza/small/sasori.png'>	<img src='imgs/eto/small/saru.png'>
37位	A型	おうし座	丑年	計算高いサービス	<img src='imgs/ketsuekigata/small/a.png'>	<img src='imgs/seiza/small/oushi.png'>	<img src='imgs/eto/small/ushi.png'>
38位	A型	やぎ座	酉年	ゆゆしいポケット	<img src='imgs/ketsuekigata/small/a.png'>	<img src='imgs/seiza/small/yagi.png'>	<img src='imgs/eto/small/tori.png'>
39位	A型	みずがめ座	子年	面白い紺	<img src='imgs/ketsuekigata/small/a.png'>	<img src='imgs/seiza/small/mizugame.png'>	<img src='imgs/eto/small/ne.png'>
40位	B型	うお座	寅年	妬ましい韓国	<img src='imgs/ketsuekigata/small/b.png'>	<img src='imgs/seiza/small/uo.png'>	<img src='imgs/eto/small/tora.png'>
41位	B型	ふたご座	丑年	大きい警察	<img src='imgs/ketsuekigata/small/b.png'>	<img src='imgs/seiza/small/futago.png'>	<img src='imgs/eto/small/ushi.png'>
42位	AB型	おとめ座	午年	みっともない砂糖	<img src='imgs/ketsuekigata/small/ab.png'>	<img src='imgs/seiza/small/otome.png'>	<img src='imgs/eto/small/uma.png'>
43位	B型	ふたご座	酉年	くだらない仕事	<img src='imgs/ketsuekigata/small/b.png'>	<img src='imgs/seiza/small/futago.png'>	<img src='imgs/eto/small/tori.png'>
44位	B型	やぎ座	戌年	狭い祭り	<img src='imgs/ketsuekigata/small/b.png'>	<img src='imgs/seiza/small/yagi.png'>	<img src='imgs/eto/small/inu.png'>
45位	AB型	みずがめ座	辰年	輝かしいトイレ	<img src='imgs/ketsuekigata/small/ab.png'>	<img src='imgs/seiza/small/mizugame.png'>	<img src='imgs/eto/small/tatsu.png'>
46位	O型	みずがめ座	午年	可愛いテープレコーダー	<img src='imgs/ketsuekigata/small/o.png'>	<img src='imgs/seiza/small/mizugame.png'>	<img src='imgs/eto/small/uma.png'>
47位	AB型	うお座	辰年	浅い会議室	<img src='imgs/ketsuekigata/small/ab.png'>	<img src='imgs/seiza/small/uo.png'>	<img src='imgs/eto/small/tatsu.png'>
48位	AB型	さそり座	子年	堅苦しい罰金	<img src='imgs/ketsuekigata/small/ab.png'>	<img src='imgs/seiza/small/sasori.png'>	<img src='imgs/eto/small/ne.png'>
49位	A型	おとめ座	卯年	嬉しい天ぷら	<img src='imgs/ketsuekigata/small/a.png'>	<img src='imgs/seiza/small/otome.png'>	<img src='imgs/eto/small/u.png'>
50位	AB型	てんびん座	巳年	早い文化	<img src='imgs/ketsuekigata/small/ab.png'>	<img src='imgs/seiza/small/tenbin.png'>	<img src='imgs/eto/small/mi.png'>
51位	AB型	かに座	申年	おめでたいゴミ	<img src='imgs/ketsuekigata/small/ab.png'>	<img src='imgs/seiza/small/kani.png'>	<img src='imgs/eto/small/saru.png'>
52位	O型	ふたご座	子年	重いスーツ	<img src='imgs/ketsuekigata/small/o.png'>	<img src='imgs/seiza/small/futago.png'>	<img src='imgs/eto/small/ne.png'>
53位	O型	さそり座	未年	理屈っぽいアイスクリーム	<img src='imgs/ketsuekigata/small/o.png'>	<img src='imgs/seiza/small/sasori.png'>	<img src='imgs/eto/small/hitsuji.png'>
54位	B型	やぎ座	丑年	相応しい平仮名	<img src='imgs/ketsuekigata/small/b.png'>	<img src='imgs/seiza/small/yagi.png'>	<img src='imgs/eto/small/ushi.png'>
55位	O型	みずがめ座	丑年	きつい実験	<img src='imgs/ketsuekigata/small/o.png'>	<img src='imgs/seiza/small/mizugame.png'>	<img src='imgs/eto/small/ushi.png'>
56位	AB型	いて座	申年	大きい地下鉄	<img src='imgs/ketsuekigata/small/ab.png'>	<img src='imgs/seiza/small/ite.png'>	<img src='imgs/eto/small/saru.png'>
57位	AB型	かに座	卯年	若々しい上着	<img src='imgs/ketsuekigata/small/ab.png'>	<img src='imgs/seiza/small/kani.png'>	<img src='imgs/eto/small/u.png'>
58位	A型	おうし座	辰年	図々しい宿題	<img src='imgs/ketsuekigata/small/a.png'>	<img src='imgs/seiza/small/oushi.png'>	<img src='imgs/eto/small/tatsu.png'>
59位	A型	さそり座	午年	心地よいゴッホ	<img src='imgs/ketsuekigata/small/a.png'>	<img src='imgs/seiza/small/sasori.png'>	<img src='imgs/eto/small/uma.png'>
60位	O型	しし座	卯年	清い切符	<img src='imgs/ketsuekigata/small/o.png'>	<img src='imgs/seiza/small/shishi.png'>	<img src='imgs/eto/small/u.png'>
61位	O型	しし座	寅年	心細い神社	<img src='imgs/ketsuekigata/small/o.png'>	<img src='imgs/seiza/small/shishi.png'>	<img src='imgs/eto/small/tora.png'>
62位	A型	かに座	戌年	おっかないおととい	<img src='imgs/ketsuekigata/small/a.png'>	<img src='imgs/seiza/small/kani.png'>	<img src='imgs/eto/small/inu.png'>
63位	O型	おとめ座	子年	高いレバー	<img src='imgs/ketsuekigata/small/o.png'>	<img src='imgs/seiza/small/otome.png'>	<img src='imgs/eto/small/ne.png'>
64位	B型	かに座	戌年	汗臭い石鹸	<img src='imgs/ketsuekigata/small/b.png'>	<img src='imgs/seiza/small/kani.png'>	<img src='imgs/eto/small/inu.png'>
65位	O型	おうし座	戌年	黄色い物価	<img src='imgs/ketsuekigata/small/o.png'>	<img src='imgs/seiza/small/oushi.png'>	<img src='imgs/eto/small/inu.png'>
66位	A型	てんびん座	巳年	空しい個	<img src='imgs/ketsuekigata/small/a.png'>	<img src='imgs/seiza/small/tenbin.png'>	<img src='imgs/eto/small/mi.png'>
67位	B型	かに座	巳年	めでたい売り場	<img src='imgs/ketsuekigata/small/b.png'>	<img src='imgs/seiza/small/kani.png'>	<img src='imgs/eto/small/mi.png'>
68位	B型	かに座	辰年	甘い説明書	<img src='imgs/ketsuekigata/small/b.png'>	<img src='imgs/seiza/small/kani.png'>	<img src='imgs/eto/small/tatsu.png'>
69位	O型	しし座	午年	あらっぽい船便	<img src='imgs/ketsuekigata/small/o.png'>	<img src='imgs/seiza/small/shishi.png'>	<img src='imgs/eto/small/uma.png'>
70位	A型	うお座	亥年	痒い予定表	<img src='imgs/ketsuekigata/small/a.png'>	<img src='imgs/seiza/small/uo.png'>	<img src='imgs/eto/small/i.png'>
71位	AB型	やぎ座	戌年	すさまじい切符	<img src='imgs/ketsuekigata/small/ab.png'>	<img src='imgs/seiza/small/yagi.png'>	<img src='imgs/eto/small/inu.png'>
72位	O型	さそり座	亥年	荒い歳	<img src='imgs/ketsuekigata/small/o.png'>	<img src='imgs/seiza/small/sasori.png'>	<img src='imgs/eto/small/i.png'>
73位	A型	やぎ座	寅年	小さい娘	<img src='imgs/ketsuekigata/small/a.png'>	<img src='imgs/seiza/small/yagi.png'>	<img src='imgs/eto/small/tora.png'>
74位	AB型	やぎ座	未年	早い今週	<img src='imgs/ketsuekigata/small/ab.png'>	<img src='imgs/seiza/small/yagi.png'>	<img src='imgs/eto/small/hitsuji.png'>
75位	AB型	おうし座	卯年	易しい着物	<img src='imgs/ketsuekigata/small/ab.png'>	<img src='imgs/seiza/small/oushi.png'>	<img src='imgs/eto/small/u.png'>
76位	O型	みずがめ座	巳年	珍しい月	<img src='imgs/ketsuekigata/small/o.png'>	<img src='imgs/seiza/small/mizugame.png'>	<img src='imgs/eto/small/mi.png'>
77位	AB型	しし座	戌年	思いもよらないポスト	<img src='imgs/ketsuekigata/small/ab.png'>	<img src='imgs/seiza/small/shishi.png'>	<img src='imgs/eto/small/inu.png'>
78位	AB型	おとめ座	丑年	しつこい挨拶	<img src='imgs/ketsuekigata/small/ab.png'>	<img src='imgs/seiza/small/otome.png'>	<img src='imgs/eto/small/ushi.png'>
79位	AB型	かに座	酉年	茶色い海	<img src='imgs/ketsuekigata/small/ab.png'>	<img src='imgs/seiza/small/kani.png'>	<img src='imgs/eto/small/tori.png'>
80位	B型	おひつじ座	巳年	素早い交通	<img src='imgs/ketsuekigata/small/b.png'>	<img src='imgs/seiza/small/ohitsuji.png'>	<img src='imgs/eto/small/mi.png'>
81位	B型	おとめ座	寅年	肌寒い故障	<img src='imgs/ketsuekigata/small/b.png'>	<img src='imgs/seiza/small/otome.png'>	<img src='imgs/eto/small/tora.png'>
82位	AB型	うお座	寅年	しんどい小説	<img src='imgs/ketsuekigata/small/ab.png'>	<img src='imgs/seiza/small/uo.png'>	<img src='imgs/eto/small/tora.png'>
83位	AB型	うお座	亥年	図々しい祖母	<img src='imgs/ketsuekigata/small/ab.png'>	<img src='imgs/seiza/small/uo.png'>	<img src='imgs/eto/small/i.png'>
84位	A型	かに座	辰年	深い安全	<img src='imgs/ketsuekigata/small/a.png'>	<img src='imgs/seiza/small/kani.png'>	<img src='imgs/eto/small/tatsu.png'>
85位	A型	いて座	子年	黒っぽい咳	<img src='imgs/ketsuekigata/small/a.png'>	<img src='imgs/seiza/small/ite.png'>	<img src='imgs/eto/small/ne.png'>
86位	A型	ふたご座	辰年	華々しい昨晩	<img src='imgs/ketsuekigata/small/a.png'>	<img src='imgs/seiza/small/futago.png'>	<img src='imgs/eto/small/tatsu.png'>
87位	B型	てんびん座	亥年	勇ましいイラン	<img src='imgs/ketsuekigata/small/b.png'>	<img src='imgs/seiza/small/tenbin.png'>	<img src='imgs/eto/small/i.png'>
88位	A型	うお座	辰年	おぼつかない宿題	<img src='imgs/ketsuekigata/small/a.png'>	<img src='imgs/seiza/small/uo.png'>	<img src='imgs/eto/small/tatsu.png'>
89位	O型	うお座	巳年	長い以上	<img src='imgs/ketsuekigata/small/o.png'>	<img src='imgs/seiza/small/uo.png'>	<img src='imgs/eto/small/mi.png'>
90位	A型	おうし座	酉年	ばかばかしい普通	<img src='imgs/ketsuekigata/small/a.png'>	<img src='imgs/seiza/small/oushi.png'>	<img src='imgs/eto/small/tori.png'>
91位	B型	やぎ座	亥年	短いタオル	<img src='imgs/ketsuekigata/small/b.png'>	<img src='imgs/seiza/small/yagi.png'>	<img src='imgs/eto/small/i.png'>
92位	AB型	しし座	巳年	濃い自動車	<img src='imgs/ketsuekigata/small/ab.png'>	<img src='imgs/seiza/small/shishi.png'>	<img src='imgs/eto/small/mi.png'>
93位	B型	やぎ座	巳年	塩辛い夜	<img src='imgs/ketsuekigata/small/b.png'>	<img src='imgs/seiza/small/yagi.png'>	<img src='imgs/eto/small/mi.png'>
94位	A型	うお座	午年	粘り強いデータ	<img src='imgs/ketsuekigata/small/a.png'>	<img src='imgs/seiza/small/uo.png'>	<img src='imgs/eto/small/uma.png'>
95位	A型	やぎ座	巳年	ややこしい物	<img src='imgs/ketsuekigata/small/a.png'>	<img src='imgs/seiza/small/yagi.png'>	<img src='imgs/eto/small/mi.png'>
96位	AB型	みずがめ座	申年	望ましい表	<img src='imgs/ketsuekigata/small/ab.png'>	<img src='imgs/seiza/small/mizugame.png'>	<img src='imgs/eto/small/saru.png'>
97位	AB型	おひつじ座	午年	厚かましい針	<img src='imgs/ketsuekigata/small/ab.png'>	<img src='imgs/seiza/small/ohitsuji.png'>	<img src='imgs/eto/small/uma.png'>
98位	B型	やぎ座	子年	喜ばしいメキシコ	<img src='imgs/ketsuekigata/small/b.png'>	<img src='imgs/seiza/small/yagi.png'>	<img src='imgs/eto/small/ne.png'>
99位	O型	おひつじ座	巳年	快い指輪	<img src='imgs/ketsuekigata/small/o.png'>	<img src='imgs/seiza/small/ohitsuji.png'>	<img src='imgs/eto/small/mi.png'>
100位	A型	おとめ座	子年	汗臭い使用中	<img src='imgs/ketsuekigata/small/a.png'>	<img src='imgs/seiza/small/otome.png'>	<img src='imgs/eto/small/ne.png'>
101位	A型	みずがめ座	戌年	だらしないおばあさん	<img src='imgs/ketsuekigata/small/a.png'>	<img src='imgs/seiza/small/mizugame.png'>	<img src='imgs/eto/small/inu.png'>
102位	B型	おうし座	午年	面白いインターネット	<img src='imgs/ketsuekigata/small/b.png'>	<img src='imgs/seiza/small/oushi.png'>	<img src='imgs/eto/small/uma.png'>
103位	O型	おうし座	酉年	酸っぱい刺身	<img src='imgs/ketsuekigata/small/o.png'>	<img src='imgs/seiza/small/oushi.png'>	<img src='imgs/eto/small/tori.png'>
104位	O型	しし座	申年	かっこいいデザイン	<img src='imgs/ketsuekigata/small/o.png'>	<img src='imgs/seiza/small/shishi.png'>	<img src='imgs/eto/small/saru.png'>
105位	AB型	みずがめ座	寅年	親しいキーワード	<img src='imgs/ketsuekigata/small/ab.png'>	<img src='imgs/seiza/small/mizugame.png'>	<img src='imgs/eto/small/tora.png'>
106位	O型	さそり座	巳年	あっけない源氏物語	<img src='imgs/ketsuekigata/small/o.png'>	<img src='imgs/seiza/small/sasori.png'>	<img src='imgs/eto/small/mi.png'>
107位	O型	てんびん座	寅年	うまい通信販売	<img src='imgs/ketsuekigata/small/o.png'>	<img src='imgs/seiza/small/tenbin.png'>	<img src='imgs/eto/small/tora.png'>
108位	O型	かに座	戌年	しぶとい機械	<img src='imgs/ketsuekigata/small/o.png'>	<img src='imgs/seiza/small/kani.png'>	<img src='imgs/eto/small/inu.png'>
109位	B型	みずがめ座	未年	しんどいおばあさん	<img src='imgs/ketsuekigata/small/b.png'>	<img src='imgs/seiza/small/mizugame.png'>	<img src='imgs/eto/small/hitsuji.png'>
110位	O型	おひつじ座	未年	みずみずしい奥さん	<img src='imgs/ketsuekigata/small/o.png'>	<img src='imgs/seiza/small/ohitsuji.png'>	<img src='imgs/eto/small/hitsuji.png'>
111位	AB型	いて座	午年	かっこいい池	<img src='imgs/ketsuekigata/small/ab.png'>	<img src='imgs/seiza/small/ite.png'>	<img src='imgs/eto/small/uma.png'>
112位	A型	さそり座	酉年	かっこいい経験	<img src='imgs/ketsuekigata/small/a.png'>	<img src='imgs/seiza/small/sasori.png'>	<img src='imgs/eto/small/tori.png'>
113位	O型	おとめ座	午年	かっこいい玄関	<img src='imgs/ketsuekigata/small/o.png'>	<img src='imgs/seiza/small/otome.png'>	<img src='imgs/eto/small/uma.png'>
114位	AB型	おうし座	子年	あらっぽい眼鏡	<img src='imgs/ketsuekigata/small/ab.png'>	<img src='imgs/seiza/small/oushi.png'>	<img src='imgs/eto/small/ne.png'>
115位	AB型	てんびん座	寅年	情け深い学校	<img src='imgs/ketsuekigata/small/ab.png'>	<img src='imgs/seiza/small/tenbin.png'>	<img src='imgs/eto/small/tora.png'>
116位	AB型	いて座	子年	固い名前	<img src='imgs/ketsuekigata/small/ab.png'>	<img src='imgs/seiza/small/ite.png'>	<img src='imgs/eto/small/ne.png'>
117位	AB型	かに座	未年	黄色い日光	<img src='imgs/ketsuekigata/small/ab.png'>	<img src='imgs/seiza/small/kani.png'>	<img src='imgs/eto/small/hitsuji.png'>
118位	O型	かに座	辰年	堅苦しい秋	<img src='imgs/ketsuekigata/small/o.png'>	<img src='imgs/seiza/small/kani.png'>	<img src='imgs/eto/small/tatsu.png'>
119位	AB型	てんびん座	卯年	細かい日	<img src='imgs/ketsuekigata/small/ab.png'>	<img src='imgs/seiza/small/tenbin.png'>	<img src='imgs/eto/small/u.png'>
120位	AB型	いて座	卯年	嬉しいお手洗い	<img src='imgs/ketsuekigata/small/ab.png'>	<img src='imgs/seiza/small/ite.png'>	<img src='imgs/eto/small/u.png'>
121位	O型	おうし座	寅年	すばしっこい交通	<img src='imgs/ketsuekigata/small/o.png'>	<img src='imgs/seiza/small/oushi.png'>	<img src='imgs/eto/small/tora.png'>
122位	O型	しし座	子年	赤い携帯電話	<img src='imgs/ketsuekigata/small/o.png'>	<img src='imgs/seiza/small/shishi.png'>	<img src='imgs/eto/small/ne.png'>
123位	O型	さそり座	卯年	情け深いカード	<img src='imgs/ketsuekigata/small/o.png'>	<img src='imgs/seiza/small/sasori.png'>	<img src='imgs/eto/small/u.png'>
124位	B型	おとめ座	卯年	細かい都会	<img src='imgs/ketsuekigata/small/b.png'>	<img src='imgs/seiza/small/otome.png'>	<img src='imgs/eto/small/u.png'>
125位	O型	いて座	子年	粗いサウジアラビア	<img src='imgs/ketsuekigata/small/o.png'>	<img src='imgs/seiza/small/ite.png'>	<img src='imgs/eto/small/ne.png'>
126位	A型	ふたご座	卯年	慌ただしい台所	<img src='imgs/ketsuekigata/small/a.png'>	<img src='imgs/seiza/small/futago.png'>	<img src='imgs/eto/small/u.png'>
127位	AB型	おうし座	寅年	そっけないシャンプー	<img src='imgs/ketsuekigata/small/ab.png'>	<img src='imgs/seiza/small/oushi.png'>	<img src='imgs/eto/small/tora.png'>
128位	AB型	おとめ座	未年	頼りない技術	<img src='imgs/ketsuekigata/small/ab.png'>	<img src='imgs/seiza/small/otome.png'>	<img src='imgs/eto/small/hitsuji.png'>
129位	AB型	おひつじ座	丑年	無い回答	<img src='imgs/ketsuekigata/small/ab.png'>	<img src='imgs/seiza/small/ohitsuji.png'>	<img src='imgs/eto/small/ushi.png'>
130位	AB型	さそり座	酉年	古めかしい天気予報	<img src='imgs/ketsuekigata/small/ab.png'>	<img src='imgs/seiza/small/sasori.png'>	<img src='imgs/eto/small/tori.png'>
131位	O型	おとめ座	亥年	懐かしい調査	<img src='imgs/ketsuekigata/small/o.png'>	<img src='imgs/seiza/small/otome.png'>	<img src='imgs/eto/small/i.png'>
132位	A型	やぎ座	辰年	厚い犯人	<img src='imgs/ketsuekigata/small/a.png'>	<img src='imgs/seiza/small/yagi.png'>	<img src='imgs/eto/small/tatsu.png'>
133位	B型	やぎ座	午年	うるさい大学	<img src='imgs/ketsuekigata/small/b.png'>	<img src='imgs/seiza/small/yagi.png'>	<img src='imgs/eto/small/uma.png'>
134位	AB型	ふたご座	丑年	おぼつかない月	<img src='imgs/ketsuekigata/small/ab.png'>	<img src='imgs/seiza/small/futago.png'>	<img src='imgs/eto/small/ushi.png'>
135位	AB型	かに座	子年	悪い棚	<img src='imgs/ketsuekigata/small/ab.png'>	<img src='imgs/seiza/small/kani.png'>	<img src='imgs/eto/small/ne.png'>
136位	O型	かに座	巳年	真ん丸い建物	<img src='imgs/ketsuekigata/small/o.png'>	<img src='imgs/seiza/small/kani.png'>	<img src='imgs/eto/small/mi.png'>
137位	O型	うお座	丑年	めでたい経験	<img src='imgs/ketsuekigata/small/o.png'>	<img src='imgs/seiza/small/uo.png'>	<img src='imgs/eto/small/ushi.png'>
138位	O型	うお座	寅年	素晴らしい心	<img src='imgs/ketsuekigata/small/o.png'>	<img src='imgs/seiza/small/uo.png'>	<img src='imgs/eto/small/tora.png'>
139位	O型	さそり座	辰年	悲しい教会	<img src='imgs/ketsuekigata/small/o.png'>	<img src='imgs/seiza/small/sasori.png'>	<img src='imgs/eto/small/tatsu.png'>
140位	B型	かに座	酉年	面白い玩具	<img src='imgs/ketsuekigata/small/b.png'>	<img src='imgs/seiza/small/kani.png'>	<img src='imgs/eto/small/tori.png'>
141位	B型	うお座	申年	粗いお見合い	<img src='imgs/ketsuekigata/small/b.png'>	<img src='imgs/seiza/small/uo.png'>	<img src='imgs/eto/small/saru.png'>
142位	AB型	おとめ座	亥年	じれったい肉	<img src='imgs/ketsuekigata/small/ab.png'>	<img src='imgs/seiza/small/otome.png'>	<img src='imgs/eto/small/i.png'>
143位	AB型	やぎ座	午年	欲しいノート	<img src='imgs/ketsuekigata/small/ab.png'>	<img src='imgs/seiza/small/yagi.png'>	<img src='imgs/eto/small/uma.png'>
144位	A型	いて座	申年	強いお花見	<img src='imgs/ketsuekigata/small/a.png'>	<img src='imgs/seiza/small/ite.png'>	<img src='imgs/eto/small/saru.png'>
145位	AB型	しし座	卯年	重苦しい郊外	<img src='imgs/ketsuekigata/small/ab.png'>	<img src='imgs/seiza/small/shishi.png'>	<img src='imgs/eto/small/u.png'>
146位	O型	うお座	申年	白い電気	<img src='imgs/ketsuekigata/small/o.png'>	<img src='imgs/seiza/small/uo.png'>	<img src='imgs/eto/small/saru.png'>
147位	AB型	いて座	辰年	騒がしい曲	<img src='imgs/ketsuekigata/small/ab.png'>	<img src='imgs/seiza/small/ite.png'>	<img src='imgs/eto/small/tatsu.png'>
148位	AB型	ふたご座	戌年	芳しい僕	<img src='imgs/ketsuekigata/small/ab.png'>	<img src='imgs/seiza/small/futago.png'>	<img src='imgs/eto/small/inu.png'>
149位	B型	おひつじ座	子年	大きい音楽家	<img src='imgs/ketsuekigata/small/b.png'>	<img src='imgs/seiza/small/ohitsuji.png'>	<img src='imgs/eto/small/ne.png'>
150位	A型	さそり座	丑年	たわいない船便	<img src='imgs/ketsuekigata/small/a.png'>	<img src='imgs/seiza/small/sasori.png'>	<img src='imgs/eto/small/ushi.png'>
151位	AB型	うお座	戌年	みすぼらしいエンジン	<img src='imgs/ketsuekigata/small/ab.png'>	<img src='imgs/seiza/small/uo.png'>	<img src='imgs/eto/small/inu.png'>
152位	A型	ふたご座	子年	嘆かわしい桜	<img src='imgs/ketsuekigata/small/a.png'>	<img src='imgs/seiza/small/futago.png'>	<img src='imgs/eto/small/ne.png'>
153位	A型	しし座	子年	ひどいベートーベン	<img src='imgs/ketsuekigata/small/a.png'>	<img src='imgs/seiza/small/shishi.png'>	<img src='imgs/eto/small/ne.png'>
154位	O型	しし座	巳年	鈍い（にぶい）日記	<img src='imgs/ketsuekigata/small/o.png'>	<img src='imgs/seiza/small/shishi.png'>	<img src='imgs/eto/small/mi.png'>
155位	O型	ふたご座	巳年	儚い様子	<img src='imgs/ketsuekigata/small/o.png'>	<img src='imgs/seiza/small/futago.png'>	<img src='imgs/eto/small/mi.png'>
156位	O型	うお座	午年	寒いお祝い	<img src='imgs/ketsuekigata/small/o.png'>	<img src='imgs/seiza/small/uo.png'>	<img src='imgs/eto/small/uma.png'>
157位	A型	みずがめ座	寅年	すがすがしい餌	<img src='imgs/ketsuekigata/small/a.png'>	<img src='imgs/seiza/small/mizugame.png'>	<img src='imgs/eto/small/tora.png'>
158位	B型	おひつじ座	未年	真ん丸い図書館	<img src='imgs/ketsuekigata/small/b.png'>	<img src='imgs/seiza/small/ohitsuji.png'>	<img src='imgs/eto/small/hitsuji.png'>
159位	A型	おうし座	午年	甚だしいサウジアラビア	<img src='imgs/ketsuekigata/small/a.png'>	<img src='imgs/seiza/small/oushi.png'>	<img src='imgs/eto/small/uma.png'>
160位	AB型	うお座	酉年	黒いアルバイト	<img src='imgs/ketsuekigata/small/ab.png'>	<img src='imgs/seiza/small/uo.png'>	<img src='imgs/eto/small/tori.png'>
161位	AB型	おひつじ座	酉年	疑わしいスーツ	<img src='imgs/ketsuekigata/small/ab.png'>	<img src='imgs/seiza/small/ohitsuji.png'>	<img src='imgs/eto/small/tori.png'>
162位	O型	みずがめ座	戌年	情けないアルバイト	<img src='imgs/ketsuekigata/small/o.png'>	<img src='imgs/seiza/small/mizugame.png'>	<img src='imgs/eto/small/inu.png'>
163位	O型	おうし座	巳年	青白い事務所	<img src='imgs/ketsuekigata/small/o.png'>	<img src='imgs/seiza/small/oushi.png'>	<img src='imgs/eto/small/mi.png'>
164位	O型	いて座	卯年	大きい文法	<img src='imgs/ketsuekigata/small/o.png'>	<img src='imgs/seiza/small/ite.png'>	<img src='imgs/eto/small/u.png'>
165位	AB型	うお座	丑年	ずるいカセットテープ	<img src='imgs/ketsuekigata/small/ab.png'>	<img src='imgs/seiza/small/uo.png'>	<img src='imgs/eto/small/ushi.png'>
166位	A型	おうし座	卯年	ばかばかしい大阪弁	<img src='imgs/ketsuekigata/small/a.png'>	<img src='imgs/seiza/small/oushi.png'>	<img src='imgs/eto/small/u.png'>
167位	O型	さそり座	酉年	押し付けがましい火	<img src='imgs/ketsuekigata/small/o.png'>	<img src='imgs/seiza/small/sasori.png'>	<img src='imgs/eto/small/tori.png'>
168位	AB型	うお座	午年	ずるい鍋	<img src='imgs/ketsuekigata/small/ab.png'>	<img src='imgs/seiza/small/uo.png'>	<img src='imgs/eto/small/uma.png'>
169位	AB型	おうし座	丑年	厳しい工場	<img src='imgs/ketsuekigata/small/ab.png'>	<img src='imgs/seiza/small/oushi.png'>	<img src='imgs/eto/small/ushi.png'>
170位	AB型	おひつじ座	辰年	大きいベッド	<img src='imgs/ketsuekigata/small/ab.png'>	<img src='imgs/seiza/small/ohitsuji.png'>	<img src='imgs/eto/small/tatsu.png'>
171位	A型	さそり座	亥年	用心深い象	<img src='imgs/ketsuekigata/small/a.png'>	<img src='imgs/seiza/small/sasori.png'>	<img src='imgs/eto/small/i.png'>
172位	O型	やぎ座	巳年	珍しい学生	<img src='imgs/ketsuekigata/small/o.png'>	<img src='imgs/seiza/small/yagi.png'>	<img src='imgs/eto/small/mi.png'>
173位	AB型	おうし座	辰年	等しいタクシー	<img src='imgs/ketsuekigata/small/ab.png'>	<img src='imgs/seiza/small/oushi.png'>	<img src='imgs/eto/small/tatsu.png'>
174位	O型	おとめ座	巳年	丸いハイキング	<img src='imgs/ketsuekigata/small/o.png'>	<img src='imgs/seiza/small/otome.png'>	<img src='imgs/eto/small/mi.png'>
175位	O型	みずがめ座	辰年	煙たいインフルエンザ	<img src='imgs/ketsuekigata/small/o.png'>	<img src='imgs/seiza/small/mizugame.png'>	<img src='imgs/eto/small/tatsu.png'>
176位	O型	やぎ座	酉年	薄明るい大使館	<img src='imgs/ketsuekigata/small/o.png'>	<img src='imgs/seiza/small/yagi.png'>	<img src='imgs/eto/small/tori.png'>
177位	B型	さそり座	寅年	意地悪い収入	<img src='imgs/ketsuekigata/small/b.png'>	<img src='imgs/seiza/small/sasori.png'>	<img src='imgs/eto/small/tora.png'>
178位	A型	おひつじ座	未年	頼もしい兄弟	<img src='imgs/ketsuekigata/small/a.png'>	<img src='imgs/seiza/small/ohitsuji.png'>	<img src='imgs/eto/small/hitsuji.png'>
179位	B型	しし座	丑年	計算高いレポート	<img src='imgs/ketsuekigata/small/b.png'>	<img src='imgs/seiza/small/shishi.png'>	<img src='imgs/eto/small/ushi.png'>
180位	A型	うお座	戌年	飽きっぽいスペイン	<img src='imgs/ketsuekigata/small/a.png'>	<img src='imgs/seiza/small/uo.png'>	<img src='imgs/eto/small/inu.png'>
181位	AB型	みずがめ座	酉年	可愛いシャープペンシル	<img src='imgs/ketsuekigata/small/ab.png'>	<img src='imgs/seiza/small/mizugame.png'>	<img src='imgs/eto/small/tori.png'>
182位	A型	やぎ座	午年	茶色い茶碗	<img src='imgs/ketsuekigata/small/a.png'>	<img src='imgs/seiza/small/yagi.png'>	<img src='imgs/eto/small/uma.png'>
183位	B型	おとめ座	戌年	多いナイフ	<img src='imgs/ketsuekigata/small/b.png'>	<img src='imgs/seiza/small/otome.png'>	<img src='imgs/eto/small/inu.png'>
184位	A型	みずがめ座	丑年	気難しいトイレ	<img src='imgs/ketsuekigata/small/a.png'>	<img src='imgs/seiza/small/mizugame.png'>	<img src='imgs/eto/small/ushi.png'>
185位	O型	やぎ座	寅年	悔しい文法	<img src='imgs/ketsuekigata/small/o.png'>	<img src='imgs/seiza/small/yagi.png'>	<img src='imgs/eto/small/tora.png'>
186位	B型	ふたご座	申年	易しい景色	<img src='imgs/ketsuekigata/small/b.png'>	<img src='imgs/seiza/small/futago.png'>	<img src='imgs/eto/small/saru.png'>
187位	B型	みずがめ座	酉年	細かい家内	<img src='imgs/ketsuekigata/small/b.png'>	<img src='imgs/seiza/small/mizugame.png'>	<img src='imgs/eto/small/tori.png'>
188位	A型	みずがめ座	亥年	めでたい部屋	<img src='imgs/ketsuekigata/small/a.png'>	<img src='imgs/seiza/small/mizugame.png'>	<img src='imgs/eto/small/i.png'>
189位	O型	さそり座	午年	軟らかい窓側	<img src='imgs/ketsuekigata/small/o.png'>	<img src='imgs/seiza/small/sasori.png'>	<img src='imgs/eto/small/uma.png'>
190位	O型	うお座	亥年	義理堅いセット	<img src='imgs/ketsuekigata/small/o.png'>	<img src='imgs/seiza/small/uo.png'>	<img src='imgs/eto/small/i.png'>
191位	O型	みずがめ座	亥年	ひどいインフルエンザ	<img src='imgs/ketsuekigata/small/o.png'>	<img src='imgs/seiza/small/mizugame.png'>	<img src='imgs/eto/small/i.png'>
192位	A型	てんびん座	寅年	紛らわしいメートル	<img src='imgs/ketsuekigata/small/a.png'>	<img src='imgs/seiza/small/tenbin.png'>	<img src='imgs/eto/small/tora.png'>
193位	O型	やぎ座	卯年	尊い／貴い枝	<img src='imgs/ketsuekigata/small/o.png'>	<img src='imgs/seiza/small/yagi.png'>	<img src='imgs/eto/small/u.png'>
194位	A型	いて座	辰年	たやすい航空便	<img src='imgs/ketsuekigata/small/a.png'>	<img src='imgs/seiza/small/ite.png'>	<img src='imgs/eto/small/tatsu.png'>
195位	AB型	みずがめ座	未年	頼りないタイ	<img src='imgs/ketsuekigata/small/ab.png'>	<img src='imgs/seiza/small/mizugame.png'>	<img src='imgs/eto/small/hitsuji.png'>
196位	AB型	やぎ座	申年	妬ましいアルバイト	<img src='imgs/ketsuekigata/small/ab.png'>	<img src='imgs/seiza/small/yagi.png'>	<img src='imgs/eto/small/saru.png'>
197位	O型	おとめ座	辰年	頼りない日曜日	<img src='imgs/ketsuekigata/small/o.png'>	<img src='imgs/seiza/small/otome.png'>	<img src='imgs/eto/small/tatsu.png'>
198位	AB型	うお座	卯年	煙い皿	<img src='imgs/ketsuekigata/small/ab.png'>	<img src='imgs/seiza/small/uo.png'>	<img src='imgs/eto/small/u.png'>
199位	B型	おひつじ座	戌年	相応しい釣り	<img src='imgs/ketsuekigata/small/b.png'>	<img src='imgs/seiza/small/ohitsuji.png'>	<img src='imgs/eto/small/inu.png'>
200位	O型	おうし座	亥年	水っぽいネクタイ	<img src='imgs/ketsuekigata/small/o.png'>	<img src='imgs/seiza/small/oushi.png'>	<img src='imgs/eto/small/i.png'>
201位	B型	しし座	未年	寒い形	<img src='imgs/ketsuekigata/small/b.png'>	<img src='imgs/seiza/small/shishi.png'>	<img src='imgs/eto/small/hitsuji.png'>
202位	A型	かに座	巳年	弱い姉妹	<img src='imgs/ketsuekigata/small/a.png'>	<img src='imgs/seiza/small/kani.png'>	<img src='imgs/eto/small/mi.png'>
203位	B型	みずがめ座	亥年	真っ黒い空	<img src='imgs/ketsuekigata/small/b.png'>	<img src='imgs/seiza/small/mizugame.png'>	<img src='imgs/eto/small/i.png'>
204位	O型	ふたご座	卯年	鈍い（にぶい）大学生	<img src='imgs/ketsuekigata/small/o.png'>	<img src='imgs/seiza/small/futago.png'>	<img src='imgs/eto/small/u.png'>
205位	A型	おうし座	子年	かっこいい冬	<img src='imgs/ketsuekigata/small/a.png'>	<img src='imgs/seiza/small/oushi.png'>	<img src='imgs/eto/small/ne.png'>
206位	B型	おうし座	巳年	奥深い受付	<img src='imgs/ketsuekigata/small/b.png'>	<img src='imgs/seiza/small/oushi.png'>	<img src='imgs/eto/small/mi.png'>
207位	AB型	ふたご座	辰年	尊い／貴い経験	<img src='imgs/ketsuekigata/small/ab.png'>	<img src='imgs/seiza/small/futago.png'>	<img src='imgs/eto/small/tatsu.png'>
208位	A型	うお座	寅年	かっこ悪い定食	<img src='imgs/ketsuekigata/small/a.png'>	<img src='imgs/seiza/small/uo.png'>	<img src='imgs/eto/small/tora.png'>
209位	AB型	かに座	寅年	短いドライブ	<img src='imgs/ketsuekigata/small/ab.png'>	<img src='imgs/seiza/small/kani.png'>	<img src='imgs/eto/small/tora.png'>
210位	A型	おとめ座	酉年	辛い（からい）使用中	<img src='imgs/ketsuekigata/small/a.png'>	<img src='imgs/seiza/small/otome.png'>	<img src='imgs/eto/small/tori.png'>
211位	A型	おとめ座	巳年	険しいエレベーター 	<img src='imgs/ketsuekigata/small/a.png'>	<img src='imgs/seiza/small/otome.png'>	<img src='imgs/eto/small/mi.png'>
212位	B型	うお座	丑年	目覚しい馬	<img src='imgs/ketsuekigata/small/b.png'>	<img src='imgs/seiza/small/uo.png'>	<img src='imgs/eto/small/ushi.png'>
213位	A型	うお座	酉年	紛らわしいお腹	<img src='imgs/ketsuekigata/small/a.png'>	<img src='imgs/seiza/small/uo.png'>	<img src='imgs/eto/small/tori.png'>
214位	A型	おひつじ座	酉年	楽しい時間	<img src='imgs/ketsuekigata/small/a.png'>	<img src='imgs/seiza/small/ohitsuji.png'>	<img src='imgs/eto/small/tori.png'>
215位	B型	しし座	巳年	薄明るい荷物	<img src='imgs/ketsuekigata/small/b.png'>	<img src='imgs/seiza/small/shishi.png'>	<img src='imgs/eto/small/mi.png'>
216位	O型	ふたご座	酉年	細長い習慣	<img src='imgs/ketsuekigata/small/o.png'>	<img src='imgs/seiza/small/futago.png'>	<img src='imgs/eto/small/tori.png'>
217位	A型	ふたご座	寅年	速い休み	<img src='imgs/ketsuekigata/small/a.png'>	<img src='imgs/seiza/small/futago.png'>	<img src='imgs/eto/small/tora.png'>
218位	B型	やぎ座	未年	危ないマンション	<img src='imgs/ketsuekigata/small/b.png'>	<img src='imgs/seiza/small/yagi.png'>	<img src='imgs/eto/small/hitsuji.png'>
219位	A型	うお座	申年	固い床屋	<img src='imgs/ketsuekigata/small/a.png'>	<img src='imgs/seiza/small/uo.png'>	<img src='imgs/eto/small/saru.png'>
220位	O型	やぎ座	午年	渋い速達	<img src='imgs/ketsuekigata/small/o.png'>	<img src='imgs/seiza/small/yagi.png'>	<img src='imgs/eto/small/uma.png'>
221位	B型	おひつじ座	寅年	じれったいワープロ	<img src='imgs/ketsuekigata/small/b.png'>	<img src='imgs/seiza/small/ohitsuji.png'>	<img src='imgs/eto/small/tora.png'>
222位	A型	かに座	卯年	深い日光	<img src='imgs/ketsuekigata/small/a.png'>	<img src='imgs/seiza/small/kani.png'>	<img src='imgs/eto/small/u.png'>
223位	O型	いて座	午年	長いカット	<img src='imgs/ketsuekigata/small/o.png'>	<img src='imgs/seiza/small/ite.png'>	<img src='imgs/eto/small/uma.png'>
224位	AB型	やぎ座	卯年	あらっぽい弁護士	<img src='imgs/ketsuekigata/small/ab.png'>	<img src='imgs/seiza/small/yagi.png'>	<img src='imgs/eto/small/u.png'>
225位	B型	うお座	酉年	悲しい白	<img src='imgs/ketsuekigata/small/b.png'>	<img src='imgs/seiza/small/uo.png'>	<img src='imgs/eto/small/tori.png'>
226位	O型	いて座	戌年	煩わしいバス停	<img src='imgs/ketsuekigata/small/o.png'>	<img src='imgs/seiza/small/ite.png'>	<img src='imgs/eto/small/inu.png'>
227位	AB型	おひつじ座	卯年	飽きっぽい隣	<img src='imgs/ketsuekigata/small/ab.png'>	<img src='imgs/seiza/small/ohitsuji.png'>	<img src='imgs/eto/small/u.png'>
228位	O型	ふたご座	申年	良いバス停	<img src='imgs/ketsuekigata/small/o.png'>	<img src='imgs/seiza/small/futago.png'>	<img src='imgs/eto/small/saru.png'>
229位	B型	さそり座	巳年	うまい話	<img src='imgs/ketsuekigata/small/b.png'>	<img src='imgs/seiza/small/sasori.png'>	<img src='imgs/eto/small/mi.png'>
230位	A型	かに座	未年	煙たい品物	<img src='imgs/ketsuekigata/small/a.png'>	<img src='imgs/seiza/small/kani.png'>	<img src='imgs/eto/small/hitsuji.png'>
231位	B型	うお座	未年	硬い神社	<img src='imgs/ketsuekigata/small/b.png'>	<img src='imgs/seiza/small/uo.png'>	<img src='imgs/eto/small/hitsuji.png'>
232位	AB型	おうし座	巳年	好ましい木曜日	<img src='imgs/ketsuekigata/small/ab.png'>	<img src='imgs/seiza/small/oushi.png'>	<img src='imgs/eto/small/mi.png'>
233位	B型	おうし座	寅年	低い仲間	<img src='imgs/ketsuekigata/small/b.png'>	<img src='imgs/seiza/small/oushi.png'>	<img src='imgs/eto/small/tora.png'>
234位	B型	やぎ座	寅年	気まずい石鹸	<img src='imgs/ketsuekigata/small/b.png'>	<img src='imgs/seiza/small/yagi.png'>	<img src='imgs/eto/small/tora.png'>
235位	B型	しし座	午年	重たい星	<img src='imgs/ketsuekigata/small/b.png'>	<img src='imgs/seiza/small/shishi.png'>	<img src='imgs/eto/small/uma.png'>
236位	AB型	おうし座	戌年	尊い／貴い保証書	<img src='imgs/ketsuekigata/small/ab.png'>	<img src='imgs/seiza/small/oushi.png'>	<img src='imgs/eto/small/inu.png'>
237位	A型	おとめ座	辰年	すばしっこい東	<img src='imgs/ketsuekigata/small/a.png'>	<img src='imgs/seiza/small/otome.png'>	<img src='imgs/eto/small/tatsu.png'>
238位	AB型	かに座	亥年	太い美術館	<img src='imgs/ketsuekigata/small/ab.png'>	<img src='imgs/seiza/small/kani.png'>	<img src='imgs/eto/small/i.png'>
239位	A型	てんびん座	酉年	重い目覚まし時計	<img src='imgs/ketsuekigata/small/a.png'>	<img src='imgs/seiza/small/tenbin.png'>	<img src='imgs/eto/small/tori.png'>
240位	AB型	おうし座	酉年	しんどい暗証番号	<img src='imgs/ketsuekigata/small/ab.png'>	<img src='imgs/seiza/small/oushi.png'>	<img src='imgs/eto/small/tori.png'>
241位	B型	おうし座	未年	険しい人々	<img src='imgs/ketsuekigata/small/b.png'>	<img src='imgs/seiza/small/oushi.png'>	<img src='imgs/eto/small/hitsuji.png'>
242位	AB型	ふたご座	未年	堅苦しいシャープペンシル	<img src='imgs/ketsuekigata/small/ab.png'>	<img src='imgs/seiza/small/futago.png'>	<img src='imgs/eto/small/hitsuji.png'>
243位	O型	おとめ座	戌年	おっかないフィルム	<img src='imgs/ketsuekigata/small/o.png'>	<img src='imgs/seiza/small/otome.png'>	<img src='imgs/eto/small/inu.png'>
244位	B型	うお座	子年	暖かい電話	<img src='imgs/ketsuekigata/small/b.png'>	<img src='imgs/seiza/small/uo.png'>	<img src='imgs/eto/small/ne.png'>
245位	B型	さそり座	戌年	蒸し暑いハンコ	<img src='imgs/ketsuekigata/small/b.png'>	<img src='imgs/seiza/small/sasori.png'>	<img src='imgs/eto/small/inu.png'>
246位	AB型	さそり座	卯年	そっけない現金	<img src='imgs/ketsuekigata/small/ab.png'>	<img src='imgs/seiza/small/sasori.png'>	<img src='imgs/eto/small/u.png'>
247位	AB型	やぎ座	亥年	わざとらしい科学者	<img src='imgs/ketsuekigata/small/ab.png'>	<img src='imgs/seiza/small/yagi.png'>	<img src='imgs/eto/small/i.png'>
248位	B型	みずがめ座	午年	古めかしい茶碗	<img src='imgs/ketsuekigata/small/b.png'>	<img src='imgs/seiza/small/mizugame.png'>	<img src='imgs/eto/small/uma.png'>
249位	A型	てんびん座	亥年	勇ましいパスポート	<img src='imgs/ketsuekigata/small/a.png'>	<img src='imgs/seiza/small/tenbin.png'>	<img src='imgs/eto/small/i.png'>
250位	B型	かに座	寅年	新しい速達	<img src='imgs/ketsuekigata/small/b.png'>	<img src='imgs/seiza/small/kani.png'>	<img src='imgs/eto/small/tora.png'>
251位	AB型	おうし座	亥年	だらしない紐	<img src='imgs/ketsuekigata/small/ab.png'>	<img src='imgs/seiza/small/oushi.png'>	<img src='imgs/eto/small/i.png'>
252位	O型	かに座	酉年	否めない言葉	<img src='imgs/ketsuekigata/small/o.png'>	<img src='imgs/seiza/small/kani.png'>	<img src='imgs/eto/small/tori.png'>
253位	A型	おとめ座	午年	そそっかしい歴史	<img src='imgs/ketsuekigata/small/a.png'>	<img src='imgs/seiza/small/otome.png'>	<img src='imgs/eto/small/uma.png'>
254位	A型	てんびん座	戌年	わざとらしい私	<img src='imgs/ketsuekigata/small/a.png'>	<img src='imgs/seiza/small/tenbin.png'>	<img src='imgs/eto/small/inu.png'>
255位	AB型	うお座	未年	やかましい茶碗	<img src='imgs/ketsuekigata/small/ab.png'>	<img src='imgs/seiza/small/uo.png'>	<img src='imgs/eto/small/hitsuji.png'>
256位	B型	いて座	申年	儚いアクセス	<img src='imgs/ketsuekigata/small/b.png'>	<img src='imgs/seiza/small/ite.png'>	<img src='imgs/eto/small/saru.png'>
257位	O型	かに座	午年	騒がしい洋服	<img src='imgs/ketsuekigata/small/o.png'>	<img src='imgs/seiza/small/kani.png'>	<img src='imgs/eto/small/uma.png'>
258位	B型	みずがめ座	卯年	おびただしい支社	<img src='imgs/ketsuekigata/small/b.png'>	<img src='imgs/seiza/small/mizugame.png'>	<img src='imgs/eto/small/u.png'>
259位	AB型	ふたご座	巳年	くすぐったい押し入れ	<img src='imgs/ketsuekigata/small/ab.png'>	<img src='imgs/seiza/small/futago.png'>	<img src='imgs/eto/small/mi.png'>
260位	A型	おひつじ座	卯年	肌寒い大統領	<img src='imgs/ketsuekigata/small/a.png'>	<img src='imgs/seiza/small/ohitsuji.png'>	<img src='imgs/eto/small/u.png'>
261位	B型	しし座	酉年	偉い新聞社	<img src='imgs/ketsuekigata/small/b.png'>	<img src='imgs/seiza/small/shishi.png'>	<img src='imgs/eto/small/tori.png'>
262位	O型	かに座	未年	小さいデザイン	<img src='imgs/ketsuekigata/small/o.png'>	<img src='imgs/seiza/small/kani.png'>	<img src='imgs/eto/small/hitsuji.png'>
263位	B型	いて座	辰年	長いたまねぎ	<img src='imgs/ketsuekigata/small/b.png'>	<img src='imgs/seiza/small/ite.png'>	<img src='imgs/eto/small/tatsu.png'>
264位	A型	やぎ座	卯年	やむを得ない図書館	<img src='imgs/ketsuekigata/small/a.png'>	<img src='imgs/seiza/small/yagi.png'>	<img src='imgs/eto/small/u.png'>
265位	A型	かに座	亥年	勇ましい父	<img src='imgs/ketsuekigata/small/a.png'>	<img src='imgs/seiza/small/kani.png'>	<img src='imgs/eto/small/i.png'>
266位	O型	おひつじ座	卯年	太い地図	<img src='imgs/ketsuekigata/small/o.png'>	<img src='imgs/seiza/small/ohitsuji.png'>	<img src='imgs/eto/small/u.png'>
267位	A型	みずがめ座	申年	細長い肉	<img src='imgs/ketsuekigata/small/a.png'>	<img src='imgs/seiza/small/mizugame.png'>	<img src='imgs/eto/small/saru.png'>
268位	A型	かに座	申年	厚い人口	<img src='imgs/ketsuekigata/small/a.png'>	<img src='imgs/seiza/small/kani.png'>	<img src='imgs/eto/small/saru.png'>
269位	A型	おうし座	戌年	目覚しい大人	<img src='imgs/ketsuekigata/small/a.png'>	<img src='imgs/seiza/small/oushi.png'>	<img src='imgs/eto/small/inu.png'>
270位	A型	いて座	丑年	乏しい来週	<img src='imgs/ketsuekigata/small/a.png'>	<img src='imgs/seiza/small/ite.png'>	<img src='imgs/eto/small/ushi.png'>
271位	B型	おひつじ座	亥年	若いナイフ	<img src='imgs/ketsuekigata/small/b.png'>	<img src='imgs/seiza/small/ohitsuji.png'>	<img src='imgs/eto/small/i.png'>
272位	AB型	ふたご座	子年	頼りない贈り物	<img src='imgs/ketsuekigata/small/ab.png'>	<img src='imgs/seiza/small/futago.png'>	<img src='imgs/eto/small/ne.png'>
273位	B型	かに座	亥年	薄い料理教室	<img src='imgs/ketsuekigata/small/b.png'>	<img src='imgs/seiza/small/kani.png'>	<img src='imgs/eto/small/i.png'>
274位	A型	いて座	亥年	厳しい田舎	<img src='imgs/ketsuekigata/small/a.png'>	<img src='imgs/seiza/small/ite.png'>	<img src='imgs/eto/small/i.png'>
275位	O型	てんびん座	丑年	悩ましい餌	<img src='imgs/ketsuekigata/small/o.png'>	<img src='imgs/seiza/small/tenbin.png'>	<img src='imgs/eto/small/ushi.png'>
276位	A型	おうし座	未年	楽しいパトカー	<img src='imgs/ketsuekigata/small/a.png'>	<img src='imgs/seiza/small/oushi.png'>	<img src='imgs/eto/small/hitsuji.png'>
277位	A型	さそり座	辰年	柔らかいタイ	<img src='imgs/ketsuekigata/small/a.png'>	<img src='imgs/seiza/small/sasori.png'>	<img src='imgs/eto/small/tatsu.png'>
278位	O型	しし座	丑年	緩い留守	<img src='imgs/ketsuekigata/small/o.png'>	<img src='imgs/seiza/small/shishi.png'>	<img src='imgs/eto/small/ushi.png'>
279位	B型	ふたご座	卯年	寂しい会社	<img src='imgs/ketsuekigata/small/b.png'>	<img src='imgs/seiza/small/futago.png'>	<img src='imgs/eto/small/u.png'>
280位	B型	いて座	卯年	ひどい今週	<img src='imgs/ketsuekigata/small/b.png'>	<img src='imgs/seiza/small/ite.png'>	<img src='imgs/eto/small/u.png'>
281位	AB型	おひつじ座	巳年	義理堅い事件	<img src='imgs/ketsuekigata/small/ab.png'>	<img src='imgs/seiza/small/ohitsuji.png'>	<img src='imgs/eto/small/mi.png'>
282位	AB型	かに座	午年	すさまじい機械	<img src='imgs/ketsuekigata/small/ab.png'>	<img src='imgs/seiza/small/kani.png'>	<img src='imgs/eto/small/uma.png'>
283位	B型	しし座	戌年	かっこ悪いお花見	<img src='imgs/ketsuekigata/small/b.png'>	<img src='imgs/seiza/small/shishi.png'>	<img src='imgs/eto/small/inu.png'>
284位	A型	やぎ座	申年	柔らかい息子	<img src='imgs/ketsuekigata/small/a.png'>	<img src='imgs/seiza/small/yagi.png'>	<img src='imgs/eto/small/saru.png'>
285位	B型	ふたご座	未年	薄暗い僕	<img src='imgs/ketsuekigata/small/b.png'>	<img src='imgs/seiza/small/futago.png'>	<img src='imgs/eto/small/hitsuji.png'>
286位	B型	てんびん座	午年	強いスキー	<img src='imgs/ketsuekigata/small/b.png'>	<img src='imgs/seiza/small/tenbin.png'>	<img src='imgs/eto/small/uma.png'>
287位	A型	みずがめ座	巳年	水っぽいネズミ	<img src='imgs/ketsuekigata/small/a.png'>	<img src='imgs/seiza/small/mizugame.png'>	<img src='imgs/eto/small/mi.png'>
288位	A型	ふたご座	亥年	飽きっぽいタイ	<img src='imgs/ketsuekigata/small/a.png'>	<img src='imgs/seiza/small/futago.png'>	<img src='imgs/eto/small/i.png'>
289位	A型	おとめ座	申年	漫画	<img src='imgs/ketsuekigata/small/a.png'>	<img src='imgs/seiza/small/otome.png'>	<img src='imgs/eto/small/saru.png'>
290位	B型	やぎ座	申年	騒々しい自転車	<img src='imgs/ketsuekigata/small/b.png'>	<img src='imgs/seiza/small/yagi.png'>	<img src='imgs/eto/small/saru.png'>
291位	B型	いて座	子年	暑い金曜日	<img src='imgs/ketsuekigata/small/b.png'>	<img src='imgs/seiza/small/ite.png'>	<img src='imgs/eto/small/ne.png'>
292位	AB型	てんびん座	酉年	珍しい留守	<img src='imgs/ketsuekigata/small/ab.png'>	<img src='imgs/seiza/small/tenbin.png'>	<img src='imgs/eto/small/tori.png'>
293位	AB型	てんびん座	午年	四角いネズミ	<img src='imgs/ketsuekigata/small/ab.png'>	<img src='imgs/seiza/small/tenbin.png'>	<img src='imgs/eto/small/uma.png'>
294位	O型	おひつじ座	子年	見苦しい明後日	<img src='imgs/ketsuekigata/small/o.png'>	<img src='imgs/seiza/small/ohitsuji.png'>	<img src='imgs/eto/small/ne.png'>
295位	A型	ふたご座	午年	青白い栓抜き	<img src='imgs/ketsuekigata/small/a.png'>	<img src='imgs/seiza/small/futago.png'>	<img src='imgs/eto/small/uma.png'>
296位	AB型	いて座	丑年	酸っぱい昼間	<img src='imgs/ketsuekigata/small/ab.png'>	<img src='imgs/seiza/small/ite.png'>	<img src='imgs/eto/small/ushi.png'>
297位	B型	おとめ座	未年	すまないクリーニング	<img src='imgs/ketsuekigata/small/b.png'>	<img src='imgs/seiza/small/otome.png'>	<img src='imgs/eto/small/hitsuji.png'>
298位	AB型	てんびん座	申年	計算高いコーヒー	<img src='imgs/ketsuekigata/small/ab.png'>	<img src='imgs/seiza/small/tenbin.png'>	<img src='imgs/eto/small/saru.png'>
299位	O型	しし座	戌年	すばしっこい病院	<img src='imgs/ketsuekigata/small/o.png'>	<img src='imgs/seiza/small/shishi.png'>	<img src='imgs/eto/small/inu.png'>
300位	O型	ふたご座	辰年	おかしい人気	<img src='imgs/ketsuekigata/small/o.png'>	<img src='imgs/seiza/small/futago.png'>	<img src='imgs/eto/small/tatsu.png'>
301位	O型	てんびん座	辰年	騒々しい百	<img src='imgs/ketsuekigata/small/o.png'>	<img src='imgs/seiza/small/tenbin.png'>	<img src='imgs/eto/small/tatsu.png'>
302位	AB型	おとめ座	戌年	恋しいレバー	<img src='imgs/ketsuekigata/small/ab.png'>	<img src='imgs/seiza/small/otome.png'>	<img src='imgs/eto/small/inu.png'>
303位	A型	しし座	亥年	みすぼらしい外	<img src='imgs/ketsuekigata/small/a.png'>	<img src='imgs/seiza/small/shishi.png'>	<img src='imgs/eto/small/i.png'>
304位	AB型	おとめ座	子年	真っ白い大学院	<img src='imgs/ketsuekigata/small/ab.png'>	<img src='imgs/seiza/small/otome.png'>	<img src='imgs/eto/small/ne.png'>
305位	A型	てんびん座	申年	暑いニュース	<img src='imgs/ketsuekigata/small/a.png'>	<img src='imgs/seiza/small/tenbin.png'>	<img src='imgs/eto/small/saru.png'>
306位	A型	おとめ座	戌年	正しいベートーベン	<img src='imgs/ketsuekigata/small/a.png'>	<img src='imgs/seiza/small/otome.png'>	<img src='imgs/eto/small/inu.png'>
307位	O型	ふたご座	未年	多い剣道	<img src='imgs/ketsuekigata/small/o.png'>	<img src='imgs/seiza/small/futago.png'>	<img src='imgs/eto/small/hitsuji.png'>
308位	B型	かに座	未年	固い顔	<img src='imgs/ketsuekigata/small/b.png'>	<img src='imgs/seiza/small/kani.png'>	<img src='imgs/eto/small/hitsuji.png'>
309位	O型	おひつじ座	丑年	煙たい晩	<img src='imgs/ketsuekigata/small/o.png'>	<img src='imgs/seiza/small/ohitsuji.png'>	<img src='imgs/eto/small/ushi.png'>
310位	O型	かに座	申年	遠い事件	<img src='imgs/ketsuekigata/small/o.png'>	<img src='imgs/seiza/small/kani.png'>	<img src='imgs/eto/small/saru.png'>
311位	A型	しし座	戌年	まずいサイズ	<img src='imgs/ketsuekigata/small/a.png'>	<img src='imgs/seiza/small/shishi.png'>	<img src='imgs/eto/small/inu.png'>
312位	A型	みずがめ座	酉年	苦しい午後	<img src='imgs/ketsuekigata/small/a.png'>	<img src='imgs/seiza/small/mizugame.png'>	<img src='imgs/eto/small/tori.png'>
313位	O型	てんびん座	巳年	目まぐるしい財布	<img src='imgs/ketsuekigata/small/o.png'>	<img src='imgs/seiza/small/tenbin.png'>	<img src='imgs/eto/small/mi.png'>
314位	A型	みずがめ座	午年	思いがけない書類	<img src='imgs/ketsuekigata/small/a.png'>	<img src='imgs/seiza/small/mizugame.png'>	<img src='imgs/eto/small/uma.png'>
315位	B型	おうし座	子年	等しい木曜日	<img src='imgs/ketsuekigata/small/b.png'>	<img src='imgs/seiza/small/oushi.png'>	<img src='imgs/eto/small/ne.png'>
316位	O型	おひつじ座	酉年	芳しい野菜	<img src='imgs/ketsuekigata/small/o.png'>	<img src='imgs/seiza/small/ohitsuji.png'>	<img src='imgs/eto/small/tori.png'>
317位	B型	いて座	寅年	低い無料	<img src='imgs/ketsuekigata/small/b.png'>	<img src='imgs/seiza/small/ite.png'>	<img src='imgs/eto/small/tora.png'>
318位	B型	みずがめ座	寅年	清い釣り	<img src='imgs/ketsuekigata/small/b.png'>	<img src='imgs/seiza/small/mizugame.png'>	<img src='imgs/eto/small/tora.png'>
319位	AB型	いて座	酉年	そっけない騒音	<img src='imgs/ketsuekigata/small/ab.png'>	<img src='imgs/seiza/small/ite.png'>	<img src='imgs/eto/small/tori.png'>
320位	A型	しし座	卯年	情けないローン	<img src='imgs/ketsuekigata/small/a.png'>	<img src='imgs/seiza/small/shishi.png'>	<img src='imgs/eto/small/u.png'>
321位	B型	しし座	子年	心地よいイラン	<img src='imgs/ketsuekigata/small/b.png'>	<img src='imgs/seiza/small/shishi.png'>	<img src='imgs/eto/small/ne.png'>
322位	B型	みずがめ座	巳年	羨ましい暖房	<img src='imgs/ketsuekigata/small/b.png'>	<img src='imgs/seiza/small/mizugame.png'>	<img src='imgs/eto/small/mi.png'>
323位	AB型	てんびん座	丑年	浅い波	<img src='imgs/ketsuekigata/small/ab.png'>	<img src='imgs/seiza/small/tenbin.png'>	<img src='imgs/eto/small/ushi.png'>
324位	A型	やぎ座	丑年	怖いグアム	<img src='imgs/ketsuekigata/small/a.png'>	<img src='imgs/seiza/small/yagi.png'>	<img src='imgs/eto/small/ushi.png'>
325位	O型	さそり座	戌年	くどい体	<img src='imgs/ketsuekigata/small/o.png'>	<img src='imgs/seiza/small/sasori.png'>	<img src='imgs/eto/small/inu.png'>
326位	O型	おひつじ座	寅年	計り知れないスピード	<img src='imgs/ketsuekigata/small/o.png'>	<img src='imgs/seiza/small/ohitsuji.png'>	<img src='imgs/eto/small/tora.png'>
327位	B型	うお座	辰年	温い長さ	<img src='imgs/ketsuekigata/small/b.png'>	<img src='imgs/seiza/small/uo.png'>	<img src='imgs/eto/small/tatsu.png'>
328位	B型	ふたご座	子年	快い挨拶	<img src='imgs/ketsuekigata/small/b.png'>	<img src='imgs/seiza/small/futago.png'>	<img src='imgs/eto/small/ne.png'>
329位	O型	てんびん座	未年	欲しい駅前	<img src='imgs/ketsuekigata/small/o.png'>	<img src='imgs/seiza/small/tenbin.png'>	<img src='imgs/eto/small/hitsuji.png'>
330位	AB型	ふたご座	申年	甚だしいスーパー	<img src='imgs/ketsuekigata/small/ab.png'>	<img src='imgs/seiza/small/futago.png'>	<img src='imgs/eto/small/saru.png'>
331位	O型	いて座	辰年	華々しい芸	<img src='imgs/ketsuekigata/small/o.png'>	<img src='imgs/seiza/small/ite.png'>	<img src='imgs/eto/small/tatsu.png'>
332位	A型	てんびん座	子年	目まぐるしいスピーチ	<img src='imgs/ketsuekigata/small/a.png'>	<img src='imgs/seiza/small/tenbin.png'>	<img src='imgs/eto/small/ne.png'>
333位	AB型	かに座	丑年	忙しいダイエット	<img src='imgs/ketsuekigata/small/ab.png'>	<img src='imgs/seiza/small/kani.png'>	<img src='imgs/eto/small/ushi.png'>
334位	O型	ふたご座	寅年	うるさい雪	<img src='imgs/ketsuekigata/small/o.png'>	<img src='imgs/seiza/small/futago.png'>	<img src='imgs/eto/small/tora.png'>
335位	B型	おとめ座	酉年	緩い怪我	<img src='imgs/ketsuekigata/small/b.png'>	<img src='imgs/seiza/small/otome.png'>	<img src='imgs/eto/small/tori.png'>
336位	A型	うお座	子年	ややこしい胃	<img src='imgs/ketsuekigata/small/a.png'>	<img src='imgs/seiza/small/uo.png'>	<img src='imgs/eto/small/ne.png'>
337位	A型	てんびん座	午年	憎い夜行バス	<img src='imgs/ketsuekigata/small/a.png'>	<img src='imgs/seiza/small/tenbin.png'>	<img src='imgs/eto/small/uma.png'>
338位	AB型	てんびん座	辰年	かっこいい洗濯物	<img src='imgs/ketsuekigata/small/ab.png'>	<img src='imgs/seiza/small/tenbin.png'>	<img src='imgs/eto/small/tatsu.png'>
339位	B型	さそり座	卯年	蒸し暑い主人	<img src='imgs/ketsuekigata/small/b.png'>	<img src='imgs/seiza/small/sasori.png'>	<img src='imgs/eto/small/u.png'>
340位	B型	おひつじ座	辰年	物足りない設備	<img src='imgs/ketsuekigata/small/b.png'>	<img src='imgs/seiza/small/ohitsuji.png'>	<img src='imgs/eto/small/tatsu.png'>
341位	A型	おうし座	巳年	著しい両親	<img src='imgs/ketsuekigata/small/a.png'>	<img src='imgs/seiza/small/oushi.png'>	<img src='imgs/eto/small/mi.png'>
342位	A型	かに座	午年	手強い確認	<img src='imgs/ketsuekigata/small/a.png'>	<img src='imgs/seiza/small/kani.png'>	<img src='imgs/eto/small/uma.png'>
343位	A型	うお座	未年	遅いペット	<img src='imgs/ketsuekigata/small/a.png'>	<img src='imgs/seiza/small/uo.png'>	<img src='imgs/eto/small/hitsuji.png'>
344位	AB型	おうし座	午年	憎い中身	<img src='imgs/ketsuekigata/small/ab.png'>	<img src='imgs/seiza/small/oushi.png'>	<img src='imgs/eto/small/uma.png'>
345位	O型	おうし座	午年	四角い平仮名	<img src='imgs/ketsuekigata/small/o.png'>	<img src='imgs/seiza/small/oushi.png'>	<img src='imgs/eto/small/uma.png'>
346位	O型	てんびん座	酉年	汚いドラマ	<img src='imgs/ketsuekigata/small/o.png'>	<img src='imgs/seiza/small/tenbin.png'>	<img src='imgs/eto/small/tori.png'>
347位	O型	みずがめ座	子年	かしましい熱	<img src='imgs/ketsuekigata/small/o.png'>	<img src='imgs/seiza/small/mizugame.png'>	<img src='imgs/eto/small/ne.png'>
348位	A型	さそり座	子年	卑しい先生	<img src='imgs/ketsuekigata/small/a.png'>	<img src='imgs/seiza/small/sasori.png'>	<img src='imgs/eto/small/ne.png'>
349位	A型	おうし座	寅年	うっとおしいインド	<img src='imgs/ketsuekigata/small/a.png'>	<img src='imgs/seiza/small/oushi.png'>	<img src='imgs/eto/small/tora.png'>
350位	AB型	かに座	戌年	高いセーター	<img src='imgs/ketsuekigata/small/ab.png'>	<img src='imgs/seiza/small/kani.png'>	<img src='imgs/eto/small/inu.png'>
351位	AB型	しし座	寅年	ばかばかしいミリ	<img src='imgs/ketsuekigata/small/ab.png'>	<img src='imgs/seiza/small/shishi.png'>	<img src='imgs/eto/small/tora.png'>
352位	O型	うお座	戌年	そそっかしい人気	<img src='imgs/ketsuekigata/small/o.png'>	<img src='imgs/seiza/small/uo.png'>	<img src='imgs/eto/small/inu.png'>
353位	AB型	さそり座	午年	かしましいコンサート	<img src='imgs/ketsuekigata/small/ab.png'>	<img src='imgs/seiza/small/sasori.png'>	<img src='imgs/eto/small/uma.png'>
354位	O型	てんびん座	卯年	険しい紅葉	<img src='imgs/ketsuekigata/small/o.png'>	<img src='imgs/seiza/small/tenbin.png'>	<img src='imgs/eto/small/u.png'>
355位	B型	おひつじ座	卯年	しぶといタイ	<img src='imgs/ketsuekigata/small/b.png'>	<img src='imgs/seiza/small/ohitsuji.png'>	<img src='imgs/eto/small/u.png'>
356位	A型	いて座	巳年	低い営業	<img src='imgs/ketsuekigata/small/a.png'>	<img src='imgs/seiza/small/ite.png'>	<img src='imgs/eto/small/mi.png'>
357位	A型	さそり座	寅年	堅い塩	<img src='imgs/ketsuekigata/small/a.png'>	<img src='imgs/seiza/small/sasori.png'>	<img src='imgs/eto/small/tora.png'>
358位	A型	おひつじ座	戌年	危ういサーカス	<img src='imgs/ketsuekigata/small/a.png'>	<img src='imgs/seiza/small/ohitsuji.png'>	<img src='imgs/eto/small/inu.png'>
359位	A型	いて座	寅年	真っ黒い申し込み	<img src='imgs/ketsuekigata/small/a.png'>	<img src='imgs/seiza/small/ite.png'>	<img src='imgs/eto/small/tora.png'>
360位	B型	おとめ座	申年	柔らかい料理教室	<img src='imgs/ketsuekigata/small/b.png'>	<img src='imgs/seiza/small/otome.png'>	<img src='imgs/eto/small/saru.png'>
361位	B型	やぎ座	卯年	黄色いビデオ	<img src='imgs/ketsuekigata/small/b.png'>	<img src='imgs/seiza/small/yagi.png'>	<img src='imgs/eto/small/u.png'>
362位	B型	かに座	子年	そそっかしいドラマ	<img src='imgs/ketsuekigata/small/b.png'>	<img src='imgs/seiza/small/kani.png'>	<img src='imgs/eto/small/ne.png'>
363位	O型	おうし座	未年	素早いご飯	<img src='imgs/ketsuekigata/small/o.png'>	<img src='imgs/seiza/small/oushi.png'>	<img src='imgs/eto/small/hitsuji.png'>
364位	B型	みずがめ座	申年	まずい悲しみ	<img src='imgs/ketsuekigata/small/b.png'>	<img src='imgs/seiza/small/mizugame.png'>	<img src='imgs/eto/small/saru.png'>
365位	AB型	みずがめ座	丑年	悪いやかん	<img src='imgs/ketsuekigata/small/ab.png'>	<img src='imgs/seiza/small/mizugame.png'>	<img src='imgs/eto/small/ushi.png'>
366位	A型	さそり座	卯年	粗い百	<img src='imgs/ketsuekigata/small/a.png'>	<img src='imgs/seiza/small/sasori.png'>	<img src='imgs/eto/small/u.png'>
367位	A型	いて座	未年	短い地球	<img src='imgs/ketsuekigata/small/a.png'>	<img src='imgs/seiza/small/ite.png'>	<img src='imgs/eto/small/hitsuji.png'>
368位	B型	おひつじ座	申年	手強い点	<img src='imgs/ketsuekigata/small/b.png'>	<img src='imgs/seiza/small/ohitsuji.png'>	<img src='imgs/eto/small/saru.png'>
369位	AB型	さそり座	亥年	詳しいトラック	<img src='imgs/ketsuekigata/small/ab.png'>	<img src='imgs/seiza/small/sasori.png'>	<img src='imgs/eto/small/i.png'>
370位	A型	てんびん座	卯年	勇ましい市役所	<img src='imgs/ketsuekigata/small/a.png'>	<img src='imgs/seiza/small/tenbin.png'>	<img src='imgs/eto/small/u.png'>
371位	B型	おとめ座	子年	素早いスポーツクラブ	<img src='imgs/ketsuekigata/small/b.png'>	<img src='imgs/seiza/small/otome.png'>	<img src='imgs/eto/small/ne.png'>
372位	B型	てんびん座	申年	名高い外国人登録証	<img src='imgs/ketsuekigata/small/b.png'>	<img src='imgs/seiza/small/tenbin.png'>	<img src='imgs/eto/small/saru.png'>
373位	O型	さそり座	子年	図々しい去年	<img src='imgs/ketsuekigata/small/o.png'>	<img src='imgs/seiza/small/sasori.png'>	<img src='imgs/eto/small/ne.png'>
374位	B型	さそり座	亥年	計算高いポスト	<img src='imgs/ketsuekigata/small/b.png'>	<img src='imgs/seiza/small/sasori.png'>	<img src='imgs/eto/small/i.png'>
375位	B型	かに座	丑年	強い祈り	<img src='imgs/ketsuekigata/small/b.png'>	<img src='imgs/seiza/small/kani.png'>	<img src='imgs/eto/small/ushi.png'>
376位	A型	やぎ座	亥年	暗い交番	<img src='imgs/ketsuekigata/small/a.png'>	<img src='imgs/seiza/small/yagi.png'>	<img src='imgs/eto/small/i.png'>
377位	B型	いて座	丑年	悩ましい相手	<img src='imgs/ketsuekigata/small/b.png'>	<img src='imgs/seiza/small/ite.png'>	<img src='imgs/eto/small/ushi.png'>
378位	A型	かに座	丑年	激しい絵	<img src='imgs/ketsuekigata/small/a.png'>	<img src='imgs/seiza/small/kani.png'>	<img src='imgs/eto/small/ushi.png'>
379位	B型	おうし座	申年	危うい量	<img src='imgs/ketsuekigata/small/b.png'>	<img src='imgs/seiza/small/oushi.png'>	<img src='imgs/eto/small/saru.png'>
380位	A型	ふたご座	未年	ばからしいスプーン	<img src='imgs/ketsuekigata/small/a.png'>	<img src='imgs/seiza/small/futago.png'>	<img src='imgs/eto/small/hitsuji.png'>
381位	O型	やぎ座	辰年	華々しい回覧	<img src='imgs/ketsuekigata/small/o.png'>	<img src='imgs/seiza/small/yagi.png'>	<img src='imgs/eto/small/tatsu.png'>
382位	B型	おうし座	酉年	古めかしい本棚	<img src='imgs/ketsuekigata/small/b.png'>	<img src='imgs/seiza/small/oushi.png'>	<img src='imgs/eto/small/tori.png'>
383位	B型	かに座	午年	可愛い会員	<img src='imgs/ketsuekigata/small/b.png'>	<img src='imgs/seiza/small/kani.png'>	<img src='imgs/eto/small/uma.png'>
384位	O型	みずがめ座	申年	太い明後日	<img src='imgs/ketsuekigata/small/o.png'>	<img src='imgs/seiza/small/mizugame.png'>	<img src='imgs/eto/small/saru.png'>
385位	A型	おうし座	申年	真ん丸い管理人	<img src='imgs/ketsuekigata/small/a.png'>	<img src='imgs/seiza/small/oushi.png'>	<img src='imgs/eto/small/saru.png'>
386位	A型	おひつじ座	丑年	つらい石鹸	<img src='imgs/ketsuekigata/small/a.png'>	<img src='imgs/seiza/small/ohitsuji.png'>	<img src='imgs/eto/small/ushi.png'>
387位	AB型	いて座	巳年	とんでもない川	<img src='imgs/ketsuekigata/small/ab.png'>	<img src='imgs/seiza/small/ite.png'>	<img src='imgs/eto/small/mi.png'>
388位	B型	てんびん座	丑年	面白い成人式	<img src='imgs/ketsuekigata/small/b.png'>	<img src='imgs/seiza/small/tenbin.png'>	<img src='imgs/eto/small/ushi.png'>
389位	AB型	みずがめ座	子年	高い上着	<img src='imgs/ketsuekigata/small/ab.png'>	<img src='imgs/seiza/small/mizugame.png'>	<img src='imgs/eto/small/ne.png'>
390位	A型	おひつじ座	申年	暗い床屋	<img src='imgs/ketsuekigata/small/a.png'>	<img src='imgs/seiza/small/ohitsuji.png'>	<img src='imgs/eto/small/saru.png'>
391位	B型	うお座	巳年	まずい野菜	<img src='imgs/ketsuekigata/small/b.png'>	<img src='imgs/seiza/small/uo.png'>	<img src='imgs/eto/small/mi.png'>
392位	B型	しし座	卯年	途方もない果物	<img src='imgs/ketsuekigata/small/b.png'>	<img src='imgs/seiza/small/shishi.png'>	<img src='imgs/eto/small/u.png'>
393位	A型	おひつじ座	巳年	真ん丸いトイレ	<img src='imgs/ketsuekigata/small/a.png'>	<img src='imgs/seiza/small/ohitsuji.png'>	<img src='imgs/eto/small/mi.png'>
394位	AB型	おとめ座	寅年	黒っぽい本	<img src='imgs/ketsuekigata/small/ab.png'>	<img src='imgs/seiza/small/otome.png'>	<img src='imgs/eto/small/tora.png'>
395位	B型	ふたご座	巳年	すばしっこい携帯電話	<img src='imgs/ketsuekigata/small/b.png'>	<img src='imgs/seiza/small/futago.png'>	<img src='imgs/eto/small/mi.png'>
396位	A型	おとめ座	寅年	喜ばしい洋食	<img src='imgs/ketsuekigata/small/a.png'>	<img src='imgs/seiza/small/otome.png'>	<img src='imgs/eto/small/tora.png'>
397位	A型	かに座	子年	臭い野菜	<img src='imgs/ketsuekigata/small/a.png'>	<img src='imgs/seiza/small/kani.png'>	<img src='imgs/eto/small/ne.png'>
398位	O型	おひつじ座	戌年	奥深い廊下	<img src='imgs/ketsuekigata/small/o.png'>	<img src='imgs/seiza/small/ohitsuji.png'>	<img src='imgs/eto/small/inu.png'>
399位	AB型	しし座	午年	眩しい意見	<img src='imgs/ketsuekigata/small/ab.png'>	<img src='imgs/seiza/small/shishi.png'>	<img src='imgs/eto/small/uma.png'>
400位	A型	ふたご座	丑年	みずみずしい作文	<img src='imgs/ketsuekigata/small/a.png'>	<img src='imgs/seiza/small/futago.png'>	<img src='imgs/eto/small/ushi.png'>
401位	A型	かに座	酉年	まずい服	<img src='imgs/ketsuekigata/small/a.png'>	<img src='imgs/seiza/small/kani.png'>	<img src='imgs/eto/small/tori.png'>
402位	AB型	おうし座	申年	細長い丼	<img src='imgs/ketsuekigata/small/ab.png'>	<img src='imgs/seiza/small/oushi.png'>	<img src='imgs/eto/small/saru.png'>
403位	B型	うお座	午年	暖かいみかん	<img src='imgs/ketsuekigata/small/b.png'>	<img src='imgs/seiza/small/uo.png'>	<img src='imgs/eto/small/uma.png'>
404位	B型	かに座	卯年	正しい袋	<img src='imgs/ketsuekigata/small/b.png'>	<img src='imgs/seiza/small/kani.png'>	<img src='imgs/eto/small/u.png'>
405位	O型	いて座	丑年	易しい友達	<img src='imgs/ketsuekigata/small/o.png'>	<img src='imgs/seiza/small/ite.png'>	<img src='imgs/eto/small/ushi.png'>
406位	AB型	ふたご座	亥年	危ない再来週	<img src='imgs/ketsuekigata/small/ab.png'>	<img src='imgs/seiza/small/futago.png'>	<img src='imgs/eto/small/i.png'>
407位	AB型	さそり座	辰年	そそっかしい係	<img src='imgs/ketsuekigata/small/ab.png'>	<img src='imgs/seiza/small/sasori.png'>	<img src='imgs/eto/small/tatsu.png'>
408位	AB型	おとめ座	申年	鈍い（にぶい）洋服	<img src='imgs/ketsuekigata/small/ab.png'>	<img src='imgs/seiza/small/otome.png'>	<img src='imgs/eto/small/saru.png'>
409位	AB型	かに座	辰年	しつこい小学校	<img src='imgs/ketsuekigata/small/ab.png'>	<img src='imgs/seiza/small/kani.png'>	<img src='imgs/eto/small/tatsu.png'>
410位	AB型	さそり座	寅年	手強い猿	<img src='imgs/ketsuekigata/small/ab.png'>	<img src='imgs/seiza/small/sasori.png'>	<img src='imgs/eto/small/tora.png'>
411位	O型	みずがめ座	未年	しぶとい運動会	<img src='imgs/ketsuekigata/small/o.png'>	<img src='imgs/seiza/small/mizugame.png'>	<img src='imgs/eto/small/hitsuji.png'>
412位	A型	てんびん座	未年	憎い電源	<img src='imgs/ketsuekigata/small/a.png'>	<img src='imgs/seiza/small/tenbin.png'>	<img src='imgs/eto/small/hitsuji.png'>
413位	B型	おとめ座	辰年	うっとおしい二次会	<img src='imgs/ketsuekigata/small/b.png'>	<img src='imgs/seiza/small/otome.png'>	<img src='imgs/eto/small/tatsu.png'>
414位	A型	うお座	丑年	素晴らしい掃除機	<img src='imgs/ketsuekigata/small/a.png'>	<img src='imgs/seiza/small/uo.png'>	<img src='imgs/eto/small/ushi.png'>
415位	O型	おうし座	辰年	うるさい時計	<img src='imgs/ketsuekigata/small/o.png'>	<img src='imgs/seiza/small/oushi.png'>	<img src='imgs/eto/small/tatsu.png'>
416位	AB型	さそり座	丑年	面倒くさい無料	<img src='imgs/ketsuekigata/small/ab.png'>	<img src='imgs/seiza/small/sasori.png'>	<img src='imgs/eto/small/ushi.png'>
417位	A型	やぎ座	未年	粘り強い留守番	<img src='imgs/ketsuekigata/small/a.png'>	<img src='imgs/seiza/small/yagi.png'>	<img src='imgs/eto/small/hitsuji.png'>
418位	O型	てんびん座	戌年	薄いカメラ	<img src='imgs/ketsuekigata/small/o.png'>	<img src='imgs/seiza/small/tenbin.png'>	<img src='imgs/eto/small/inu.png'>
419位	O型	さそり座	寅年	痛い使用中	<img src='imgs/ketsuekigata/small/o.png'>	<img src='imgs/seiza/small/sasori.png'>	<img src='imgs/eto/small/tora.png'>
420位	A型	ふたご座	戌年	無い男の子	<img src='imgs/ketsuekigata/small/a.png'>	<img src='imgs/seiza/small/futago.png'>	<img src='imgs/eto/small/inu.png'>
421位	A型	おひつじ座	午年	重苦しいエアメール	<img src='imgs/ketsuekigata/small/a.png'>	<img src='imgs/seiza/small/ohitsuji.png'>	<img src='imgs/eto/small/uma.png'>
422位	AB型	しし座	辰年	奥深い忘年会	<img src='imgs/ketsuekigata/small/ab.png'>	<img src='imgs/seiza/small/shishi.png'>	<img src='imgs/eto/small/tatsu.png'>
423位	B型	おとめ座	丑年	しんどい急行	<img src='imgs/ketsuekigata/small/b.png'>	<img src='imgs/seiza/small/otome.png'>	<img src='imgs/eto/small/ushi.png'>
424位	O型	やぎ座	亥年	かっこ悪い電子	<img src='imgs/ketsuekigata/small/o.png'>	<img src='imgs/seiza/small/yagi.png'>	<img src='imgs/eto/small/i.png'>
425位	B型	やぎ座	酉年	くすぐったい猫	<img src='imgs/ketsuekigata/small/b.png'>	<img src='imgs/seiza/small/yagi.png'>	<img src='imgs/eto/small/tori.png'>
426位	O型	いて座	未年	鈍い（のろい）暖房	<img src='imgs/ketsuekigata/small/o.png'>	<img src='imgs/seiza/small/ite.png'>	<img src='imgs/eto/small/hitsuji.png'>
427位	AB型	ふたご座	酉年	涼しい母	<img src='imgs/ketsuekigata/small/ab.png'>	<img src='imgs/seiza/small/futago.png'>	<img src='imgs/eto/small/tori.png'>
428位	B型	おうし座	亥年	我慢強い本日休業	<img src='imgs/ketsuekigata/small/b.png'>	<img src='imgs/seiza/small/oushi.png'>	<img src='imgs/eto/small/i.png'>
429位	A型	おとめ座	亥年	激しいお礼	<img src='imgs/ketsuekigata/small/a.png'>	<img src='imgs/seiza/small/otome.png'>	<img src='imgs/eto/small/i.png'>
430位	AB型	おとめ座	酉年	眩しいお祝い	<img src='imgs/ketsuekigata/small/ab.png'>	<img src='imgs/seiza/small/otome.png'>	<img src='imgs/eto/small/tori.png'>
431位	A型	いて座	午年	途方もないお客さん	<img src='imgs/ketsuekigata/small/a.png'>	<img src='imgs/seiza/small/ite.png'>	<img src='imgs/eto/small/uma.png'>
432位	B型	いて座	亥年	気難しいカップ	<img src='imgs/ketsuekigata/small/b.png'>	<img src='imgs/seiza/small/ite.png'>	<img src='imgs/eto/small/i.png'>
433位	O型	おとめ座	丑年	目まぐるしい管理人	<img src='imgs/ketsuekigata/small/o.png'>	<img src='imgs/seiza/small/otome.png'>	<img src='imgs/eto/small/ushi.png'>
434位	A型	さそり座	戌年	ありがたいやかん	<img src='imgs/ketsuekigata/small/a.png'>	<img src='imgs/seiza/small/sasori.png'>	<img src='imgs/eto/small/inu.png'>
435位	A型	しし座	丑年	酸っぱいミュージカル	<img src='imgs/ketsuekigata/small/a.png'>	<img src='imgs/seiza/small/shishi.png'>	<img src='imgs/eto/small/ushi.png'>
436位	B型	いて座	巳年	たやすいロボット	<img src='imgs/ketsuekigata/small/b.png'>	<img src='imgs/seiza/small/ite.png'>	<img src='imgs/eto/small/mi.png'>
437位	B型	おひつじ座	酉年	悩ましい名前	<img src='imgs/ketsuekigata/small/b.png'>	<img src='imgs/seiza/small/ohitsuji.png'>	<img src='imgs/eto/small/tori.png'>
438位	O型	おとめ座	申年	おびただしいクラス	<img src='imgs/ketsuekigata/small/o.png'>	<img src='imgs/seiza/small/otome.png'>	<img src='imgs/eto/small/saru.png'>
439位	O型	てんびん座	子年	しんどい時刻表	<img src='imgs/ketsuekigata/small/o.png'>	<img src='imgs/seiza/small/tenbin.png'>	<img src='imgs/eto/small/ne.png'>
440位	AB型	みずがめ座	亥年	儚い皿	<img src='imgs/ketsuekigata/small/ab.png'>	<img src='imgs/seiza/small/mizugame.png'>	<img src='imgs/eto/small/i.png'>
441位	AB型	おひつじ座	戌年	後ろめたいテーブル	<img src='imgs/ketsuekigata/small/ab.png'>	<img src='imgs/seiza/small/ohitsuji.png'>	<img src='imgs/eto/small/inu.png'>
442位	B型	みずがめ座	子年	可愛らしい砂糖	<img src='imgs/ketsuekigata/small/b.png'>	<img src='imgs/seiza/small/mizugame.png'>	<img src='imgs/eto/small/ne.png'>
443位	AB型	やぎ座	子年	久しいグラム	<img src='imgs/ketsuekigata/small/ab.png'>	<img src='imgs/seiza/small/yagi.png'>	<img src='imgs/eto/small/ne.png'>
444位	B型	いて座	未年	みずみずしい場所	<img src='imgs/ketsuekigata/small/b.png'>	<img src='imgs/seiza/small/ite.png'>	<img src='imgs/eto/small/hitsuji.png'>
445位	A型	おひつじ座	亥年	好ましい地下	<img src='imgs/ketsuekigata/small/a.png'>	<img src='imgs/seiza/small/ohitsuji.png'>	<img src='imgs/eto/small/i.png'>
446位	B型	おとめ座	亥年	とんでもない警察	<img src='imgs/ketsuekigata/small/b.png'>	<img src='imgs/seiza/small/otome.png'>	<img src='imgs/eto/small/i.png'>
447位	O型	おうし座	卯年	珍しい栓抜き	<img src='imgs/ketsuekigata/small/o.png'>	<img src='imgs/seiza/small/oushi.png'>	<img src='imgs/eto/small/u.png'>
448位	B型	うお座	亥年	汚い高校	<img src='imgs/ketsuekigata/small/b.png'>	<img src='imgs/seiza/small/uo.png'>	<img src='imgs/eto/small/i.png'>
449位	B型	みずがめ座	丑年	清い息子	<img src='imgs/ketsuekigata/small/b.png'>	<img src='imgs/seiza/small/mizugame.png'>	<img src='imgs/eto/small/ushi.png'>
450位	A型	しし座	酉年	若いホッチキス	<img src='imgs/ketsuekigata/small/a.png'>	<img src='imgs/seiza/small/shishi.png'>	<img src='imgs/eto/small/tori.png'>
451位	AB型	おとめ座	巳年	名残惜しい自転車	<img src='imgs/ketsuekigata/small/ab.png'>	<img src='imgs/seiza/small/otome.png'>	<img src='imgs/eto/small/mi.png'>
452位	O型	うお座	未年	怖い私	<img src='imgs/ketsuekigata/small/o.png'>	<img src='imgs/seiza/small/uo.png'>	<img src='imgs/eto/small/hitsuji.png'>
453位	B型	てんびん座	酉年	羨ましいご飯	<img src='imgs/ketsuekigata/small/b.png'>	<img src='imgs/seiza/small/tenbin.png'>	<img src='imgs/eto/small/tori.png'>
454位	AB型	さそり座	戌年	みすぼらしい先週	<img src='imgs/ketsuekigata/small/ab.png'>	<img src='imgs/seiza/small/sasori.png'>	<img src='imgs/eto/small/inu.png'>
455位	O型	みずがめ座	酉年	珍しいユーモア	<img src='imgs/ketsuekigata/small/o.png'>	<img src='imgs/seiza/small/mizugame.png'>	<img src='imgs/eto/small/tori.png'>
456位	B型	ふたご座	寅年	無い水	<img src='imgs/ketsuekigata/small/b.png'>	<img src='imgs/seiza/small/futago.png'>	<img src='imgs/eto/small/tora.png'>
457位	A型	おうし座	亥年	惜しい規則	<img src='imgs/ketsuekigata/small/a.png'>	<img src='imgs/seiza/small/oushi.png'>	<img src='imgs/eto/small/i.png'>
458位	O型	かに座	卯年	危うい鞄	<img src='imgs/ketsuekigata/small/o.png'>	<img src='imgs/seiza/small/kani.png'>	<img src='imgs/eto/small/u.png'>
459位	B型	さそり座	子年	憎いグラハム・ベル	<img src='imgs/ketsuekigata/small/b.png'>	<img src='imgs/seiza/small/sasori.png'>	<img src='imgs/eto/small/ne.png'>
460位	AB型	てんびん座	子年	奥深いダンス	<img src='imgs/ketsuekigata/small/ab.png'>	<img src='imgs/seiza/small/tenbin.png'>	<img src='imgs/eto/small/ne.png'>
461位	O型	おとめ座	酉年	限りない千	<img src='imgs/ketsuekigata/small/o.png'>	<img src='imgs/seiza/small/otome.png'>	<img src='imgs/eto/small/tori.png'>
462位	AB型	ふたご座	卯年	固い作品	<img src='imgs/ketsuekigata/small/ab.png'>	<img src='imgs/seiza/small/futago.png'>	<img src='imgs/eto/small/u.png'>
463位	B型	さそり座	午年	細かい僕	<img src='imgs/ketsuekigata/small/b.png'>	<img src='imgs/seiza/small/sasori.png'>	<img src='imgs/eto/small/uma.png'>
464位	B型	おとめ座	巳年	好ましい特急	<img src='imgs/ketsuekigata/small/b.png'>	<img src='imgs/seiza/small/otome.png'>	<img src='imgs/eto/small/mi.png'>
465位	B型	いて座	午年	赤い美術館	<img src='imgs/ketsuekigata/small/b.png'>	<img src='imgs/seiza/small/ite.png'>	<img src='imgs/eto/small/uma.png'>
466位	A型	ふたご座	酉年	多い袋	<img src='imgs/ketsuekigata/small/a.png'>	<img src='imgs/seiza/small/futago.png'>	<img src='imgs/eto/small/tori.png'>
467位	O型	うお座	卯年	飽きっぽい新幹線	<img src='imgs/ketsuekigata/small/o.png'>	<img src='imgs/seiza/small/uo.png'>	<img src='imgs/eto/small/u.png'>
468位	AB型	やぎ座	辰年	粗い口	<img src='imgs/ketsuekigata/small/ab.png'>	<img src='imgs/seiza/small/yagi.png'>	<img src='imgs/eto/small/tatsu.png'>
469位	B型	てんびん座	未年	遠い歌舞伎	<img src='imgs/ketsuekigata/small/b.png'>	<img src='imgs/seiza/small/tenbin.png'>	<img src='imgs/eto/small/hitsuji.png'>
470位	O型	ふたご座	亥年	せわしない村	<img src='imgs/ketsuekigata/small/o.png'>	<img src='imgs/seiza/small/futago.png'>	<img src='imgs/eto/small/i.png'>
471位	AB型	いて座	亥年	騒がしいクリスマス	<img src='imgs/ketsuekigata/small/ab.png'>	<img src='imgs/seiza/small/ite.png'>	<img src='imgs/eto/small/i.png'>
472位	A型	おとめ座	未年	青いダンス	<img src='imgs/ketsuekigata/small/a.png'>	<img src='imgs/seiza/small/otome.png'>	<img src='imgs/eto/small/hitsuji.png'>
473位	B型	てんびん座	辰年	辛抱強い北	<img src='imgs/ketsuekigata/small/b.png'>	<img src='imgs/seiza/small/tenbin.png'>	<img src='imgs/eto/small/tatsu.png'>
474位	O型	てんびん座	亥年	やかましいダンス	<img src='imgs/ketsuekigata/small/o.png'>	<img src='imgs/seiza/small/tenbin.png'>	<img src='imgs/eto/small/i.png'>
475位	O型	かに座	丑年	小さい地震	<img src='imgs/ketsuekigata/small/o.png'>	<img src='imgs/seiza/small/kani.png'>	<img src='imgs/eto/small/ushi.png'>
476位	B型	さそり座	酉年	憎らしい平仮名	<img src='imgs/ketsuekigata/small/b.png'>	<img src='imgs/seiza/small/sasori.png'>	<img src='imgs/eto/small/tori.png'>
477位	A型	やぎ座	戌年	著しい信号	<img src='imgs/ketsuekigata/small/a.png'>	<img src='imgs/seiza/small/yagi.png'>	<img src='imgs/eto/small/inu.png'>
478位	AB型	ふたご座	寅年	乏しい駐車違反	<img src='imgs/ketsuekigata/small/ab.png'>	<img src='imgs/seiza/small/futago.png'>	<img src='imgs/eto/small/tora.png'>
479位	AB型	しし座	子年	疎いスピード	<img src='imgs/ketsuekigata/small/ab.png'>	<img src='imgs/seiza/small/shishi.png'>	<img src='imgs/eto/small/ne.png'>
480位	O型	うお座	子年	塩辛いレポート	<img src='imgs/ketsuekigata/small/o.png'>	<img src='imgs/seiza/small/uo.png'>	<img src='imgs/eto/small/ne.png'>
481位	AB型	みずがめ座	卯年	理屈っぽいネクタイ	<img src='imgs/ketsuekigata/small/ab.png'>	<img src='imgs/seiza/small/mizugame.png'>	<img src='imgs/eto/small/u.png'>
482位	O型	てんびん座	午年	おかしい大学	<img src='imgs/ketsuekigata/small/o.png'>	<img src='imgs/seiza/small/tenbin.png'>	<img src='imgs/eto/small/uma.png'>
483位	O型	てんびん座	申年	計り知れない来月	<img src='imgs/ketsuekigata/small/o.png'>	<img src='imgs/seiza/small/tenbin.png'>	<img src='imgs/eto/small/saru.png'>
484位	AB型	うお座	子年	かっこ悪い太陽	<img src='imgs/ketsuekigata/small/ab.png'>	<img src='imgs/seiza/small/uo.png'>	<img src='imgs/eto/small/ne.png'>
485位	B型	みずがめ座	戌年	慌ただしい量	<img src='imgs/ketsuekigata/small/b.png'>	<img src='imgs/seiza/small/mizugame.png'>	<img src='imgs/eto/small/inu.png'>
486位	B型	おとめ座	午年	早いお茶	<img src='imgs/ketsuekigata/small/b.png'>	<img src='imgs/seiza/small/otome.png'>	<img src='imgs/eto/small/uma.png'>
487位	O型	おとめ座	未年	うるさい目	<img src='imgs/ketsuekigata/small/o.png'>	<img src='imgs/seiza/small/otome.png'>	<img src='imgs/eto/small/hitsuji.png'>
488位	AB型	うお座	申年	怪しい日本製	<img src='imgs/ketsuekigata/small/ab.png'>	<img src='imgs/seiza/small/uo.png'>	<img src='imgs/eto/small/saru.png'>
489位	O型	ふたご座	戌年	情け深い野球	<img src='imgs/ketsuekigata/small/o.png'>	<img src='imgs/seiza/small/futago.png'>	<img src='imgs/eto/small/inu.png'>
490位	O型	かに座	子年	白いお客さん	<img src='imgs/ketsuekigata/small/o.png'>	<img src='imgs/seiza/small/kani.png'>	<img src='imgs/eto/small/ne.png'>
491位	O型	いて座	亥年	しぶとい航空便	<img src='imgs/ketsuekigata/small/o.png'>	<img src='imgs/seiza/small/ite.png'>	<img src='imgs/eto/small/i.png'>
492位	AB型	しし座	酉年	安い今年	<img src='imgs/ketsuekigata/small/ab.png'>	<img src='imgs/seiza/small/shishi.png'>	<img src='imgs/eto/small/tori.png'>
493位	B型	いて座	酉年	危ない廊下	<img src='imgs/ketsuekigata/small/b.png'>	<img src='imgs/seiza/small/ite.png'>	<img src='imgs/eto/small/tori.png'>
494位	O型	おひつじ座	午年	汚らわしい波	<img src='imgs/ketsuekigata/small/o.png'>	<img src='imgs/seiza/small/ohitsuji.png'>	<img src='imgs/eto/small/uma.png'>
495位	B型	うお座	戌年	正しい量	<img src='imgs/ketsuekigata/small/b.png'>	<img src='imgs/seiza/small/uo.png'>	<img src='imgs/eto/small/inu.png'>
496位	B型	いて座	戌年	ゆゆしい海岸	<img src='imgs/ketsuekigata/small/b.png'>	<img src='imgs/seiza/small/ite.png'>	<img src='imgs/eto/small/inu.png'>
497位	AB型	やぎ座	丑年	羨ましい宝庫	<img src='imgs/ketsuekigata/small/ab.png'>	<img src='imgs/seiza/small/yagi.png'>	<img src='imgs/eto/small/ushi.png'>
498位	A型	いて座	戌年	たやすい電話	<img src='imgs/ketsuekigata/small/a.png'>	<img src='imgs/seiza/small/ite.png'>	<img src='imgs/eto/small/inu.png'>
499位	A型	やぎ座	子年	貧しい手紙	<img src='imgs/ketsuekigata/small/a.png'>	<img src='imgs/seiza/small/yagi.png'>	<img src='imgs/eto/small/ne.png'>
500位	AB型	おとめ座	辰年	みずみずしい階	<img src='imgs/ketsuekigata/small/ab.png'>	<img src='imgs/seiza/small/otome.png'>	<img src='imgs/eto/small/tatsu.png'>
501位	O型	しし座	亥年	乏しい社長	<img src='imgs/ketsuekigata/small/o.png'>	<img src='imgs/seiza/small/shishi.png'>	<img src='imgs/eto/small/i.png'>
502位	O型	やぎ座	丑年	空しいアルバム	<img src='imgs/ketsuekigata/small/o.png'>	<img src='imgs/seiza/small/yagi.png'>	<img src='imgs/eto/small/ushi.png'>
503位	B型	おうし座	丑年	久しい火	<img src='imgs/ketsuekigata/small/b.png'>	<img src='imgs/seiza/small/oushi.png'>	<img src='imgs/eto/small/ushi.png'>
504位	A型	さそり座	巳年	甚だしい中止	<img src='imgs/ketsuekigata/small/a.png'>	<img src='imgs/seiza/small/sasori.png'>	<img src='imgs/eto/small/mi.png'>
505位	B型	おうし座	卯年	そそっかしい無料	<img src='imgs/ketsuekigata/small/b.png'>	<img src='imgs/seiza/small/oushi.png'>	<img src='imgs/eto/small/u.png'>
506位	AB型	しし座	申年	危ういアルバイト	<img src='imgs/ketsuekigata/small/ab.png'>	<img src='imgs/seiza/small/shishi.png'>	<img src='imgs/eto/small/saru.png'>
507位	A型	おひつじ座	寅年	あくどい紙	<img src='imgs/ketsuekigata/small/a.png'>	<img src='imgs/seiza/small/ohitsuji.png'>	<img src='imgs/eto/small/tora.png'>
508位	B型	しし座	寅年	丸い赤ちゃん	<img src='imgs/ketsuekigata/small/b.png'>	<img src='imgs/seiza/small/shishi.png'>	<img src='imgs/eto/small/tora.png'>
509位	B型	てんびん座	戌年	無い教師	<img src='imgs/ketsuekigata/small/b.png'>	<img src='imgs/seiza/small/tenbin.png'>	<img src='imgs/eto/small/inu.png'>
510位	B型	ふたご座	亥年	煙たい保険証	<img src='imgs/ketsuekigata/small/b.png'>	<img src='imgs/seiza/small/futago.png'>	<img src='imgs/eto/small/i.png'>
511位	A型	みずがめ座	未年	ゆゆしい和室	<img src='imgs/ketsuekigata/small/a.png'>	<img src='imgs/seiza/small/mizugame.png'>	<img src='imgs/eto/small/hitsuji.png'>
512位	A型	おひつじ座	子年	すまないきりん	<img src='imgs/ketsuekigata/small/a.png'>	<img src='imgs/seiza/small/ohitsuji.png'>	<img src='imgs/eto/small/ne.png'>
513位	O型	おとめ座	卯年	何気ない餌	<img src='imgs/ketsuekigata/small/o.png'>	<img src='imgs/seiza/small/otome.png'>	<img src='imgs/eto/small/u.png'>
514位	AB型	しし座	未年	軽い出口	<img src='imgs/ketsuekigata/small/ab.png'>	<img src='imgs/seiza/small/shishi.png'>	<img src='imgs/eto/small/hitsuji.png'>
515位	AB型	いて座	戌年	嬉しいコップ	<img src='imgs/ketsuekigata/small/ab.png'>	<img src='imgs/seiza/small/ite.png'>	<img src='imgs/eto/small/inu.png'>
516位	O型	やぎ座	申年	うまい暗証番号	<img src='imgs/ketsuekigata/small/o.png'>	<img src='imgs/seiza/small/yagi.png'>	<img src='imgs/eto/small/saru.png'>
517位	AB型	おひつじ座	亥年	汚い今	<img src='imgs/ketsuekigata/small/ab.png'>	<img src='imgs/seiza/small/ohitsuji.png'>	<img src='imgs/eto/small/i.png'>
518位	AB型	おひつじ座	未年	好ましい次	<img src='imgs/ketsuekigata/small/ab.png'>	<img src='imgs/seiza/small/ohitsuji.png'>	<img src='imgs/eto/small/hitsuji.png'>
519位	AB型	おひつじ座	申年	寂しい学校	<img src='imgs/ketsuekigata/small/ab.png'>	<img src='imgs/seiza/small/ohitsuji.png'>	<img src='imgs/eto/small/saru.png'>
520位	AB型	さそり座	巳年	愛しい展覧会	<img src='imgs/ketsuekigata/small/ab.png'>	<img src='imgs/seiza/small/sasori.png'>	<img src='imgs/eto/small/mi.png'>
521位	AB型	てんびん座	亥年	可愛い医者	<img src='imgs/ketsuekigata/small/ab.png'>	<img src='imgs/seiza/small/tenbin.png'>	<img src='imgs/eto/small/i.png'>
522位	B型	おひつじ座	丑年	くだらない昔話	<img src='imgs/ketsuekigata/small/b.png'>	<img src='imgs/seiza/small/ohitsuji.png'>	<img src='imgs/eto/small/ushi.png'>
523位	AB型	おうし座	未年	気まずいパーティー	<img src='imgs/ketsuekigata/small/ab.png'>	<img src='imgs/seiza/small/oushi.png'>	<img src='imgs/eto/small/hitsuji.png'>
524位	B型	おひつじ座	午年	無い文学	<img src='imgs/ketsuekigata/small/b.png'>	<img src='imgs/seiza/small/ohitsuji.png'>	<img src='imgs/eto/small/uma.png'>
525位	O型	おひつじ座	申年	脆いガラス	<img src='imgs/ketsuekigata/small/o.png'>	<img src='imgs/seiza/small/ohitsuji.png'>	<img src='imgs/eto/small/saru.png'>
526位	B型	ふたご座	戌年	限りないレバー	<img src='imgs/ketsuekigata/small/b.png'>	<img src='imgs/seiza/small/futago.png'>	<img src='imgs/eto/small/inu.png'>
527位	O型	かに座	亥年	狭い時	<img src='imgs/ketsuekigata/small/o.png'>	<img src='imgs/seiza/small/kani.png'>	<img src='imgs/eto/small/i.png'>
528位	O型	やぎ座	戌年	あくどい係員	<img src='imgs/ketsuekigata/small/o.png'>	<img src='imgs/seiza/small/yagi.png'>	<img src='imgs/eto/small/inu.png'>
529位	O型	おうし座	丑年	かっこいい金持ち	<img src='imgs/ketsuekigata/small/o.png'>	<img src='imgs/seiza/small/oushi.png'>	<img src='imgs/eto/small/ushi.png'>
530位	O型	おうし座	子年	等しい体育館	<img src='imgs/ketsuekigata/small/o.png'>	<img src='imgs/seiza/small/oushi.png'>	<img src='imgs/eto/small/ne.png'>
531位	AB型	うお座	巳年	高いすき焼き	<img src='imgs/ketsuekigata/small/ab.png'>	<img src='imgs/seiza/small/uo.png'>	<img src='imgs/eto/small/mi.png'>
532位	AB型	さそり座	未年	心細い辞書	<img src='imgs/ketsuekigata/small/ab.png'>	<img src='imgs/seiza/small/sasori.png'>	<img src='imgs/eto/small/hitsuji.png'>
533位	AB型	いて座	未年	茶色い平仮名	<img src='imgs/ketsuekigata/small/ab.png'>	<img src='imgs/seiza/small/ite.png'>	<img src='imgs/eto/small/hitsuji.png'>
534位	B型	しし座	申年	素早い電車	<img src='imgs/ketsuekigata/small/b.png'>	<img src='imgs/seiza/small/shishi.png'>	<img src='imgs/eto/small/saru.png'>
535位	A型	しし座	巳年	真っ白い風	<img src='imgs/ketsuekigata/small/a.png'>	<img src='imgs/seiza/small/shishi.png'>	<img src='imgs/eto/small/mi.png'>
536位	B型	さそり座	申年	貧しい暖房	<img src='imgs/ketsuekigata/small/b.png'>	<img src='imgs/seiza/small/sasori.png'>	<img src='imgs/eto/small/saru.png'>
537位	O型	しし座	未年	紛らわしい金額	<img src='imgs/ketsuekigata/small/o.png'>	<img src='imgs/seiza/small/shishi.png'>	<img src='imgs/eto/small/hitsuji.png'>
538位	O型	やぎ座	未年	面倒くさい手袋	<img src='imgs/ketsuekigata/small/o.png'>	<img src='imgs/seiza/small/yagi.png'>	<img src='imgs/eto/small/hitsuji.png'>
539位	B型	てんびん座	寅年	よろしい源氏物語	<img src='imgs/ketsuekigata/small/b.png'>	<img src='imgs/seiza/small/tenbin.png'>	<img src='imgs/eto/small/tora.png'>
540位	A型	しし座	午年	きついコップ	<img src='imgs/ketsuekigata/small/a.png'>	<img src='imgs/seiza/small/shishi.png'>	<img src='imgs/eto/small/uma.png'>
541位	AB型	やぎ座	寅年	煙たい社会	<img src='imgs/ketsuekigata/small/ab.png'>	<img src='imgs/seiza/small/yagi.png'>	<img src='imgs/eto/small/tora.png'>
542位	AB型	てんびん座	未年	難しい夜行バス	<img src='imgs/ketsuekigata/small/ab.png'>	<img src='imgs/seiza/small/tenbin.png'>	<img src='imgs/eto/small/hitsuji.png'>
543位	O型	うお座	酉年	でかい首相	<img src='imgs/ketsuekigata/small/o.png'>	<img src='imgs/seiza/small/uo.png'>	<img src='imgs/eto/small/tori.png'>
544位	B型	さそり座	未年	やかましい釣り	<img src='imgs/ketsuekigata/small/b.png'>	<img src='imgs/seiza/small/sasori.png'>	<img src='imgs/eto/small/hitsuji.png'>
545位	AB型	やぎ座	酉年	温い日曜日	<img src='imgs/ketsuekigata/small/ab.png'>	<img src='imgs/seiza/small/yagi.png'>	<img src='imgs/eto/small/tori.png'>
546位	A型	しし座	申年	涼しい田舎	<img src='imgs/ketsuekigata/small/a.png'>	<img src='imgs/seiza/small/shishi.png'>	<img src='imgs/eto/small/saru.png'>
547位	O型	うお座	辰年	おぼつかない家族	<img src='imgs/ketsuekigata/small/o.png'>	<img src='imgs/seiza/small/uo.png'>	<img src='imgs/eto/small/tatsu.png'>
548位	A型	しし座	寅年	濃いフォーク	<img src='imgs/ketsuekigata/small/a.png'>	<img src='imgs/seiza/small/shishi.png'>	<img src='imgs/eto/small/tora.png'>
549位	AB型	いて座	寅年	難しいメートル	<img src='imgs/ketsuekigata/small/ab.png'>	<img src='imgs/seiza/small/ite.png'>	<img src='imgs/eto/small/tora.png'>
550位	B型	ふたご座	午年	易しい本	<img src='imgs/ketsuekigata/small/b.png'>	<img src='imgs/seiza/small/futago.png'>	<img src='imgs/eto/small/uma.png'>
551位	B型	さそり座	辰年	みっともない宝庫	<img src='imgs/ketsuekigata/small/b.png'>	<img src='imgs/seiza/small/sasori.png'>	<img src='imgs/eto/small/tatsu.png'>
552位	A型	いて座	卯年	安っぽい名刺	<img src='imgs/ketsuekigata/small/a.png'>	<img src='imgs/seiza/small/ite.png'>	<img src='imgs/eto/small/u.png'>
553位	A型	さそり座	申年	若々しい危篤	<img src='imgs/ketsuekigata/small/a.png'>	<img src='imgs/seiza/small/sasori.png'>	<img src='imgs/eto/small/saru.png'>
554位	AB型	みずがめ座	戌年	良いカタログ	<img src='imgs/ketsuekigata/small/ab.png'>	<img src='imgs/seiza/small/mizugame.png'>	<img src='imgs/eto/small/inu.png'>
555位	O型	さそり座	丑年	気まずいキャンプ	<img src='imgs/ketsuekigata/small/o.png'>	<img src='imgs/seiza/small/sasori.png'>	<img src='imgs/eto/small/ushi.png'>
556位	O型	おとめ座	寅年	かっこ悪い歴史	<img src='imgs/ketsuekigata/small/o.png'>	<img src='imgs/seiza/small/otome.png'>	<img src='imgs/eto/small/tora.png'>
557位	O型	みずがめ座	寅年	温かいジャズ	<img src='imgs/ketsuekigata/small/o.png'>	<img src='imgs/seiza/small/mizugame.png'>	<img src='imgs/eto/small/tora.png'>
558位	A型	みずがめ座	卯年	赤い家	<img src='imgs/ketsuekigata/small/a.png'>	<img src='imgs/seiza/small/mizugame.png'>	<img src='imgs/eto/small/u.png'>
559位	AB型	みずがめ座	午年	用心深い祈り	<img src='imgs/ketsuekigata/small/ab.png'>	<img src='imgs/seiza/small/mizugame.png'>	<img src='imgs/eto/small/uma.png'>
560位	A型	ふたご座	巳年	憎い発表	<img src='imgs/ketsuekigata/small/a.png'>	<img src='imgs/seiza/small/futago.png'>	<img src='imgs/eto/small/mi.png'>
561位	AB型	おとめ座	卯年	かっこいいマラソン	<img src='imgs/ketsuekigata/small/ab.png'>	<img src='imgs/seiza/small/otome.png'>	<img src='imgs/eto/small/u.png'>
562位	O型	おひつじ座	辰年	いやらしい絵	<img src='imgs/ketsuekigata/small/o.png'>	<img src='imgs/seiza/small/ohitsuji.png'>	<img src='imgs/eto/small/tatsu.png'>
563位	O型	いて座	申年	危うい歌舞伎	<img src='imgs/ketsuekigata/small/o.png'>	<img src='imgs/seiza/small/ite.png'>	<img src='imgs/eto/small/saru.png'>
564位	B型	てんびん座	卯年	軟らかい月	<img src='imgs/ketsuekigata/small/b.png'>	<img src='imgs/seiza/small/tenbin.png'>	<img src='imgs/eto/small/u.png'>
565位	B型	しし座	辰年	四角いスピード	<img src='imgs/ketsuekigata/small/b.png'>	<img src='imgs/seiza/small/shishi.png'>	<img src='imgs/eto/small/tatsu.png'>
566位	B型	ふたご座	辰年	暗い風呂敷	<img src='imgs/ketsuekigata/small/b.png'>	<img src='imgs/seiza/small/futago.png'>	<img src='imgs/eto/small/tatsu.png'>
567位	A型	しし座	辰年	嬉しいパスポート	<img src='imgs/ketsuekigata/small/a.png'>	<img src='imgs/seiza/small/shishi.png'>	<img src='imgs/eto/small/tatsu.png'>
568位	A型	てんびん座	丑年	華々しい弁護士	<img src='imgs/ketsuekigata/small/a.png'>	<img src='imgs/seiza/small/tenbin.png'>	<img src='imgs/eto/small/ushi.png'>
569位	AB型	おひつじ座	子年	嘆かわしい美術館	<img src='imgs/ketsuekigata/small/ab.png'>	<img src='imgs/seiza/small/ohitsuji.png'>	<img src='imgs/eto/small/ne.png'>
570位	B型	てんびん座	子年	好ましいステレオ	<img src='imgs/ketsuekigata/small/b.png'>	<img src='imgs/seiza/small/tenbin.png'>	<img src='imgs/eto/small/ne.png'>
571位	B型	しし座	亥年	深いバラ	<img src='imgs/ketsuekigata/small/b.png'>	<img src='imgs/seiza/small/shishi.png'>	<img src='imgs/eto/small/i.png'>
572位	B型	てんびん座	巳年	愛しい牡牛座	<img src='imgs/ketsuekigata/small/b.png'>	<img src='imgs/seiza/small/tenbin.png'>	<img src='imgs/eto/small/mi.png'>
573位	A型	おとめ座	丑年	恋しい興味	<img src='imgs/ketsuekigata/small/a.png'>	<img src='imgs/seiza/small/otome.png'>	<img src='imgs/eto/small/ushi.png'>
574位	AB型	てんびん座	戌年	あっけないサービス	<img src='imgs/ketsuekigata/small/ab.png'>	<img src='imgs/seiza/small/tenbin.png'>	<img src='imgs/eto/small/inu.png'>
575位	O型	いて座	酉年	恥ずかしい自動車	<img src='imgs/ketsuekigata/small/o.png'>	<img src='imgs/seiza/small/ite.png'>	<img src='imgs/eto/small/tori.png'>
576位	B型	うお座	卯年	遠い寺	<img src='imgs/ketsuekigata/small/b.png'>	<img src='imgs/seiza/small/uo.png'>	<img src='imgs/eto/small/u.png'>
